{"stats":{"minecraft:killed":{"minecraft:sheep":4,"minecraft:chicken":3,"minecraft:cow":8},"minecraft:dropped":{"minecraft:oak_door":2,"minecraft:cooked_chicken":2,"minecraft:cooked_beef":3,"minecraft:oak_log":10,"minecraft:stone_pickaxe":1,"minecraft:white_wool":4},"minecraft:crafted":{"minecraft:oak_planks":36,"minecraft:crafting_table":1,"minecraft:stick":8,"minecraft:wooden_pickaxe":1,"minecraft:cooked_chicken":3,"minecraft:stone_pickaxe":2,"minecraft:furnace":1,"minecraft:stone_axe":1,"minecraft:air":0,"minecraft:cooked_beef":6},"minecraft:mined":{"minecraft:white_bed":1,"minecraft:brown_mushroom":11,"minecraft:furnace":1,"minecraft:oak_door":1,"minecraft:pumpkin":10,"minecraft:crafting_table":1,"minecraft:grass":2,"minecraft:grass_block":2,"minecraft:oak_log":35,"minecraft:dirt":22,"minecraft:stone":160,"minecraft:sugar_cane":7,"minecraft:oak_leaves":3},"minecraft:used":{"minecraft:stone_pickaxe":134,"minecraft:wooden_pickaxe":50,"minecraft:brown_mushroom":1,"minecraft:stone_axe":67,"minecraft:dirt":6,"minecraft:crafting_table":3,"minecraft:oak_sapling":4,"minecraft:furnace":2,"minecraft:cooked_beef":2},"minecraft:custom":{"minecraft:time_since_rest":5019,"minecraft:interact_with_furnace":11,"minecraft:sprint_one_cm":38717,"minecraft:damage_taken":215,"minecraft:walk_one_cm":89268,"minecraft:mob_kills":15,"minecraft:drop":19,"minecraft:damage_dealt":1448,"minecraft:swim_one_cm":34177,"minecraft:interact_with_crafting_table":4,"minecraft:fly_one_cm":12888,"minecraft:play_time":34819,"minecraft:walk_under_water_one_cm":11465,"minecraft:sneak_time":771,"minecraft:jump":190,"minecraft:sleep_in_bed":1,"minecraft:walk_on_water_one_cm":4477,"minecraft:time_since_death":34819,"minecraft:total_world_time":34819,"minecraft:climb_one_cm":232,"minecraft:fall_one_cm":882},"minecraft:picked_up":{"minecraft:stick":19,"minecraft:crafting_table":2,"minecraft:feather":1,"minecraft:chicken":3,"minecraft:pumpkin":10,"minecraft:oak_door":2,"minecraft:leather":10,"minecraft:brown_mushroom":11,"minecraft:torch":21,"minecraft:wooden_pickaxe":1,"minecraft:oak_log":35,"minecraft:lily_pad":1,"minecraft:white_bed":2,"minecraft:dirt":21,"minecraft:rotten_flesh":1,"minecraft:apple":2,"minecraft:beef":15,"minecraft:stone_pickaxe":1,"minecraft:cooked_chicken":1,"minecraft:oak_sapling":17,"minecraft:mutton":15,"minecraft:sugar_cane":25,"minecraft:oak_planks":52,"minecraft:white_wool":5,"minecraft:furnace":2,"minecraft:cobblestone":112},"minecraft:broken":{"minecraft:stone_pickaxe":1}},"DataVersion":3465}