{"stats":{"minecraft:killed":{"minecraft:chicken":3,"minecraft:cow":2},"minecraft:dropped":{"minecraft:oak_door":1,"minecraft:cooked_chicken":2,"minecraft:cooked_beef":3},"minecraft:mined":{"minecraft:brown_mushroom":11,"minecraft:grass_block":2,"minecraft:oak_log":35,"minecraft:dirt":22,"minecraft:stone":160,"minecraft:sugar_cane":3,"minecraft:oak_leaves":3},"minecraft:crafted":{"minecraft:oak_planks":36,"minecraft:crafting_table":1,"minecraft:stick":8,"minecraft:wooden_pickaxe":1,"minecraft:cooked_chicken":3,"minecraft:stone_pickaxe":2,"minecraft:furnace":1,"minecraft:stone_axe":1,"minecraft:air":0,"minecraft:cooked_beef":6},"minecraft:used":{"minecraft:stone_pickaxe":131,"minecraft:wooden_pickaxe":50,"minecraft:brown_mushroom":1,"minecraft:stone_axe":39,"minecraft:dirt":6,"minecraft:crafting_table":2,"minecraft:oak_sapling":4,"minecraft:furnace":1,"minecraft:cooked_beef":1},"minecraft:custom":{"minecraft:time_since_rest":22819,"minecraft:interact_with_furnace":8,"minecraft:sprint_one_cm":13528,"minecraft:damage_taken":185,"minecraft:walk_one_cm":54628,"minecraft:mob_kills":5,"minecraft:drop":6,"minecraft:damage_dealt":527,"minecraft:interact_with_crafting_table":4,"minecraft:fly_one_cm":2740,"minecraft:play_time":22819,"minecraft:jump":93,"minecraft:walk_on_water_one_cm":1073,"minecraft:time_since_death":22819,"minecraft:total_world_time":22819,"minecraft:climb_one_cm":146,"minecraft:fall_one_cm":269},"minecraft:picked_up":{"minecraft:stick":11,"minecraft:crafting_table":1,"minecraft:feather":1,"minecraft:chicken":3,"minecraft:oak_door":1,"minecraft:leather":2,"minecraft:brown_mushroom":11,"minecraft:oak_log":35,"minecraft:dirt":21,"minecraft:rotten_flesh":1,"minecraft:apple":2,"minecraft:beef":4,"minecraft:oak_sapling":16,"minecraft:sugar_cane":8,"minecraft:cobblestone":112},"minecraft:broken":{"minecraft:stone_pickaxe":1}},"DataVersion":3465}