{"stats":{"minecraft:broken":{"minecraft:iron_leggings":1,"minecraft:leather_helmet":2,"constructionwand:iron_wand":2,"minecraft:iron_chestplate":1,"constructionwand:stone_wand":1,"minecraft:leather_chestplate":1,"exdeorum:crook":6},"minecraft:picked_up":{"forcecraft:gold_chu_jelly":5,"mob_grinding_utils:fan_upgrade_width":3,"botania:elementium_ingot":12,"minecraft:lead":131,"minecraft:stone_slab":5,"botania:black_double_flower":3,"projecte:condenser_mk1":1,"minecraft:enchanted_book":6,"xycraft_world:xychorium_storage_green":5,"mysticalagriculture:prosperity_seed_base":1,"botania:mana_tablet":6,"minecraft:polished_deepslate":3,"minecraft:string":327,"mysticalagriculture:enderium_seeds":1,"minecraft:diamond_leggings":1,"alltheores:nickel_ingot":60,"alltheores:lead_ingot":4,"wstweaks:fragment":117,"exdeorum:oak_crucible":4,"immersiveengineering:shader_bag_epic":1,"powah:energizing_orb":1,"thermal:sadiroot_seeds":2,"mysticalagriculture:prosperity_shard":95,"create:andesite_casing":7,"powah:book":1,"mysticalagriculture:inferium_seeds":357,"mythicbotany:faded_nether_star":22,"minecraft:golden_chestplate":1,"mob_grinding_utils:rotten_egg":1,"thermal:apatite":1,"botania:white_mystical_flower":1,"minecraft:phantom_spawn_egg":1,"botania:manasteel_ingot":14,"minecraft:stone_sword":4,"ars_nouveau:worn_notebook":1,"mekanism:ultimate_infusing_factory":1,"botania:elf_glass":5,"minecraft:end_rod":2,"powah:magmator_basic":5,"supplementaries:ash":212,"minecraft:blaze_rod":56,"minecraft:iron_bars":37,"minecraft:feather":36,"minecraft:cooked_beef":7,"forbidden_arcanus:dragon_scale":3,"mekanism:dust_coal":11,"minecraft:brown_wool":1,"integrateddynamics:crystalized_menril_chunk":25,"minecraft:flint":978,"mysticalagriculture:quartz_enriched_iron_seeds":23,"exdeorum:nickel_ore_chunk":351,"tombstone:familiar_receptacle":1,"xycraft_machines:stake":7,"refinedstorage:crafting_upgrade":2,"powah:capacitor_basic":6,"projecte:philosophers_stone":2,"mysticalagriculture:soulium_dust":19,"botania:red_mystical_flower":1,"minecraft:sheep_spawn_egg":1,"occultism:otherworld_essence":3,"patchouli:guide_book":2,"exdeorum:flint_mesh":9,"mysticalagradditions:withering_soul":3,"functionalstorage:diamond_upgrade":1,"mysticalagriculture:emerald_seeds":1,"minecraft:wither_skeleton_spawn_egg":1,"thermal:device_rock_gen":5,"powah:energizing_rod_niotic":5,"exdeorum:diamond_mesh":3,"minecraft:lever":4,"minecraft:horse_spawn_egg":1,"minecraft:cyan_dye":1,"reliquary:witch_hat":1,"ae2:silicon":35,"exdeorum:gold_ore_chunk":304,"ars_nouveau:red_archwood_log":60,"alltheores:osmium_ingot":45,"minecraft:clay_ball":128,"mob_grinding_utils:absorption_hopper":3,"minecraft:leather_leggings":4,"mysticalagriculture:steel_seeds":1,"minecraft:dragon_head":1,"minecraft:purpur_block":4,"minecraft:cornflower":2,"exdeorum:granite_pebble":1419,"botania:endoflame":15,"sophisticatedstorage:advanced_compacting_upgrade":1,"pipez:advanced_upgrade":3,"minecraft:iron_shovel":4,"occultism:otherworld_log":29,"minecraft:glass_pane":7,"occultism:otherworld_sapling_natural":6,"botania:pure_daisy":3,"exdeorum:zinc_ore_chunk":303,"minecraft:poppy":1,"croptopia:scrambled_eggs":4,"minecraft:copper_ore":64,"darkutils:charm_portal":2,"minecraft:stone":8,"reliquary:rib_bone":11,"pipez:item_pipe":21,"sophisticatedbackpacks:backpack":1,"minecraft:fire_charge":5,"cookingforblockheads:milk_jar":1,"mekanism:crusher":2,"xycraft_machines:port_item":1,"botania:runic_altar":1,"minecraft:stone_shovel":1,"refinedstorage:stack_upgrade":2,"exdeorum:andesite_pebble":1436,"sophisticatedbackpacks:copper_backpack":1,"mysticalagriculture:lumium_seeds":1,"minecraft:mutton":17,"minecraft:bone_block":1,"minecraft:oxeye_daisy":2,"powah:capacitor_basic_tiny":4,"minecraft:mud_bricks":2,"mysticalagriculture:fertilized_essence":130,"botania:rune_earth":4,"forcecraft:blue_chu_jelly":5,"botania:orange_petal":3,"botania:rune_mana":1,"chipped:sliding_dark_oak_door":1,"minecraft:paper":90,"minecraft:apple":44,"exdeorum:stone_pebble":8186,"thermal:machine_speed_augment":1,"tombstone:bag_of_seeds":1,"mysticalagriculture:wood_essence":322,"extrastorage:gold_crafter":4,"botania:mana_spreader":4,"powah:uraninite":98,"exdeorum:deepslate_pebble":1547,"exdeorum:lead_ore_chunk":307,"allthecompressed:gravel_1x":33,"mysticalagriculture:manasteel_seeds":1,"laserio:card_item":5,"alltheores:zinc_ore":9,"botania:rune_air":5,"forcecraft:recovery_heart":39,"minecraft:dragon_egg":1,"minecraft:leather_helmet":4,"xycraft_world:xychorium_storage_red":5,"hostilenetworks:sim_chamber":1,"cookingforblockheads:sink":4,"exdeorum:aluminum_ore_chunk":305,"minecraft:slime_ball":1419,"immersiveengineering:seed":28,"botania:orange_mystical_flower":1,"thermal:machine_pulverizer":1,"botania:brown_mystical_flower":1,"minecraft:hopper":1,"cobblefordays:tier_4":2,"mysticalagriculture:coal_seeds":1,"thermal:machine_frame":2,"botania:rune_water":7,"ironfurnaces:allthemodium_furnace":1,"mysticalagriculture:stone_essence":180,"forcecraft:spoils_bag":1,"reliquary:slime_pearl":76,"botania:mana_pearl":28,"mysticalagriculture:mystical_flower_seeds":1,"minecraft:red_sand":24,"reliquary:zombie_heart":9,"minecraft:comparator":3,"botania:mana_powder":18,"minecraft:red_dye":2,"minecraft:rose_bush":34,"minecraft:ender_eye":21,"forbidden_arcanus:tentacle":4,"mysticalagriculture:soulium_block":1,"botania:lens_speed":5,"fluxnetworks:flux_plug":2,"minecraft:rotten_flesh":377,"occultism:otherworld_ashes":16,"summoningrituals:altar":3,"botania:spark":3,"sophisticatedstorage:magnet_upgrade":1,"minecraft:chorus_flower":10,"reliquary:mob_charm_fragment":5,"minecraft:obsidian":19,"minecraft:blaze_powder":209,"minecraft:cobblestone":1921,"exdeorum:crook":1,"exdeorum:osmium_ore_chunk":255,"occultism:datura_seeds":77,"minecraft:pink_petals":28,"minecraft:leather_chestplate":3,"tombstone:soul_receptacle":3,"exdeorum:basalt_pebble":1580,"exdeorum:stone_barrel":4,"minecraft:mud_brick_stairs":2,"minecraft:potato":14,"mysticalagriculture:dirt_seeds":24,"minecraft:dirt":71,"powah:energy_cable_basic":6,"immersiveengineering:hemp_fiber":8,"xycraft_world:xychorium_storage_dark":5,"alltheores:raw_tin":63,"minecraft:bone":302,"powah:energizing_rod_spirited":5,"itemcollectors:basic_collector":1,"powah:reactor_niotic":36,"minecraft:bow":11,"minecraft:wheat_seeds":382,"botania:pink_mystical_flower":2,"itemcollectors:advanced_collector":5,"botania:purple_mystical_flower":1,"forcecraft:pile_of_gunpowder":28,"everlastingabilities:ability_totem":32,"minecraft:netherite_axe":2,"minecraft:bamboo":3,"botania:blue_petal":3,"integrateddynamics:squeezer":2,"exdeorum:crushed_end_stone":108,"minecraft:melon":1,"minecraft:grass_block":65,"exdeorum:wooden_watering_can":1,"enderio:vacuum_chest":5,"alltheores:raw_nickel":32,"modularrouters:modular_router":5,"xycraft_world:xychorium_gem_light":24,"minecraft:sugar":3,"tombstone:familiar_stone":1,"minecraft:slime_block":6,"waystones:waystone":2,"alltheores:raw_aluminum":231,"minecraft:crossbow":1,"minecraft:bone_meal":331,"minecraft:grass":17,"minecraft:emerald":138,"mekanism:superheating_element":1,"minecraft:chorus_fruit":91,"minecraft:netherrack":2,"minecraft:oak_leaves":162,"fluxnetworks:flux_dust":127,"minecraft:azure_bluet":1,"minecraft:packed_ice":1,"ars_nouveau:blue_archwood_sapling":9,"mysticalagriculture:redstone_essence":347,"refinedstorage:regulator_upgrade":2,"exdeorum:oak_barrel":10,"minecraft:shield":3,"minecraft:brick":7,"minecraft:magma_cube_spawn_egg":3,"minecraft:oak_trapdoor":13,"botania:rune_spring":1,"minecraft:blackstone":215,"minecraft:mycelium":6,"botania:magenta_mystical_flower":1,"tombstone:scroll_of_unstable_intangibility":1,"botania:floating_endoflame":5,"darkutils:charm_sleep":2,"modularrouters:range_down_augment":13,"minecraft:end_stone":217,"minecraft:flowering_azalea_leaves":1,"simplemagnets:advanced_demagnetization_coil":2,"mcwfences:sandstone_grass_topped_wall":17,"exdeorum:mechanical_hammer":2,"mysticalagradditions:dragon_scale":8,"tombstone:scroll_of_purification":1,"botania:rune_summer":1,"thermal:peanut_seeds":4,"ae2:certus_quartz_dust":246,"exdeorum:diorite_pebble":1443,"xycraft_world:xychorium_storage_light":5,"mysticalagriculture:nether_quartz_seeds":21,"minecraft:skeleton_skull":5,"chipped:cut_cobblestone_column":391,"minecraft:netherite_boots":3,"botania:twig_wand":1,"supplementaries:flint_block":69,"laserio:laser_node":3,"minecraft:leather":394,"reliquary:squid_beak":1,"minecraft:chainmail_chestplate":2,"mythicbotany:wither_aconite_floating":1,"xnet:redstone_proxy":1,"minecraft:gunpowder":481,"alltheores:uranium_dust":38,"draconicevolution:dragon_heart":1,"botania:black_mystical_flower":1,"forcecraft:green_chu_jelly":6,"mekanism:enrichment_chamber":1,"mekanism:salt":138,"refinedstorage:crafter":8,"ae2:sky_dust":240,"mysticalagriculture:saltpeter_seeds":1,"bloodmagic:divinationsigil":1,"supplementaries:globe_sepia":1,"powah:reactor_blazing":36,"exdeorum:oak_sieve":9,"minecraft:iron_ingot":16,"minecraft:cooked_chicken":3,"refinedstorage:cable":98,"mekanism:ingot_steel":2,"functionalstorage:simple_compacting_drawer":5,"mysticalagriculture:end_seeds":1,"chipped:alchemy_bench":1,"mysticalagriculture:silicon_seeds":1,"refinedstorage:constructor":3,"botania:quartz_mana":1,"minecraft:quartz":88,"minecraft:dandelion":33,"minecraft:lava_bucket":1,"alltheores:raw_uranium":3,"minecraft:amethyst_shard":219,"refinedstorage:importer":9,"ars_nouveau:wilden_spike":2,"mekanismgenerators:wind_generator":3,"minecraft:pumpkin_seeds":7,"minecraft:trader_llama_spawn_egg":1,"minecraft:chainmail_leggings":4,"croptopia:fried_chicken":2,"ironfurnaces:emerald_furnace":2,"alltheores:copper_ore_hammer":1,"minecraft:sunflower":5,"minecraft:wooden_axe":1,"minecraft:slime_spawn_egg":10,"minecraft:iron_chestplate":2,"refinedstorage:speed_upgrade":31,"exdeorum:dust":1557,"minecraft:chainmail_boots":1,"minecraft:creeper_head":4,"minecraft:anvil":1,"reliquary:fertile_lily_pad":1,"minecraft:diamond_sword":2,"mysticalagriculture:water_seeds":1,"alltheores:copper_dust":14,"botania:livingwood":4,"exdeorum:iron_ore_chunk":703,"croptopia:calamari":2,"minecraft:brewing_stand":1,"exdeorum:grass_seeds":10,"occultism:book_of_binding_empty":1,"pipez:energy_pipe":37,"create:water_wheel":1,"minecraft:beetroot":4,"minecraft:cobbled_deepslate":3464,"mysticalagriculture:inferium_essence":1975,"minecraft:gold_nugget":21,"mekanism:basic_universal_cable":1,"integrateddynamics:menril_sapling":4,"minecraft:melon_slice":7,"occultism:otherstone":64,"mysticalagriculture:electrum_seeds":1,"projecte:dark_matter":1,"mysticalagriculture:soulium_essence":78,"powah:energy_cable_blazing":1,"minecraft:black_dye":16,"forcecraft:angry_enderman_spawn_egg":2,"sophisticatedstorage:stack_upgrade_tier_3":1,"botania:livingrock":57,"minecraft:iron_block":1,"minecraft:cyan_terracotta":8,"biggerreactors:graphite_ingot":5,"botania:livingwood_log":48,"mysticalagriculture:prudentium_essence":4,"minecraft:netherite_chestplate":1,"mob_grinding_utils:fan_upgrade_height":3,"alltheores:gold_dust":15,"powah:dielectric_casing":2,"enderio:primitive_alloy_smelter":3,"reliquary:molten_core":9,"enderio:grains_of_infinity":350,"ae2:charged_certus_quartz_crystal":3,"minecraft:netherite_leggings":1,"reliquary:nebulous_heart":3,"pipez:fluid_pipe":9,"mysticalagriculture:flux_infused_ingot_seeds":1,"ftbquests:book":1,"projecte:high_covalence_dust":64,"refinedstorage:advanced_processor":3,"refinedstorage:range_upgrade":1,"minecraft:glowstone_dust":331,"botania:mana_pool":1,"silentgear:fine_silk":3,"exdeorum:crushed_blackstone":540,"mekanism:metallurgic_infuser":4,"botania:elven_spreader":5,"functionalstorage:compacting_drawer":6,"xycraft_world:xychorium_gem_red":20,"exmachinis:flux_hammer":2,"utilitix:linked_repeater":2,"minecraft:ink_sac":6,"mcwfurnitures:mangrove_stool_chair":1,"minecraft:barrel":5,"xycraft_world:xychorium_gem_dark":16,"minecraft:bundle":4,"utilitix:mob_yoinker":4,"minecraft:blue_ice":1,"thermal:eggplant_seeds":1,"minecraft:chainmail_helmet":5,"exdeorum:copper_ore_chunk":515,"minecraft:bread":3,"minecraft:crafting_table":2,"occultism:chalk_white":1,"minecraft:nether_wart":52,"alltheores:silver_dust":11,"functionalstorage:oak_2":5,"botania:open_crate":5,"powah:energizing_rod_hardened":4,"alltheores:nickel_dust":4,"create:orange_seat":2,"minecraft:netherite_scrap":84,"draconicevolution:end_draconium_ore":4,"create:redstone_link":4,"refinedstorage:exporter":2,"forcecraft:force_ingot":5,"integrateddynamics:menril_berries":30,"botania:mana_glass":5,"exdeorum:iron_mesh":6,"exdeorum:mechanical_sieve":2,"minecraft:beef":9,"minecraft:iron_nugget":9,"refinedstorage:external_storage":5,"allthecompressed:cobblestone_1x":1,"minecraft:chest":45,"chipped:mason_table":3,"minecraft:egg":122,"mysticalagriculture:nature_seeds":1,"supplementaries:pedestal":1,"minecraft:cake":1,"mysticalagriculture:refined_glowstone_seeds":1,"forcecraft:red_chu_jelly":8,"minecraft:carrot":14,"minecraft:redstone":694,"exmachinis:flux_sieve":4,"botania:pixie_dust":12,"create:brass_casing":3,"sophisticatedstorage:upgrade_base":1,"exdeorum:silk_worm":15,"thermal:machine_smelter":2,"minecraft:beetroot_seeds":7,"mythicbotany:wither_aconite":3,"minecraft:gold_ingot":9,"tombstone:essence_of_undeath":5,"mysticalagriculture:diamond_seeds":1,"alltheores:raw_osmium":41,"minecraft:glow_berries":9,"minecraft:white_wool":4,"botania:rune_fire":8,"minecraft:red_mushroom":2,"forcecraft:force_gem":174,"minecraft:oak_log":896,"mysticalagriculture:bronze_seeds":1,"minecraft:ancient_debris":28,"enderio:item_conduit":3,"minecraft:golden_boots":1,"enderchests:ender_chest":4,"functionalstorage:storage_controller":3,"minecraft:white_banner":1,"tombstone:gift":1,"sophisticatedbackpacks:upgrade_base":1,"exdeorum:wood_chippings":235,"minecraft:glass_bottle":5,"minecraft:iron_sword":3,"rftoolsutility:crafter3":3,"allthecompressed:sand_1x":2,"minecraft:dark_oak_slab":2,"thermal:strawberry_seeds":2,"utilitix:linked_crystal":5,"minecraft:gravel":8505,"botania:creative_pool":1,"exdeorum:silver_ore_chunk":326,"mob_grinding_utils:xpsolidifier":1,"minecraft:stone_axe":1,"alltheores:raw_silver":22,"minecraft:melon_seeds":8,"minecraft:ender_pearl":170,"minecraft:shulker_shell":6,"mysticalagriculture:elementium_seeds":1,"exdeorum:mycelium_spores":5,"minecraft:wheat":151,"mysticalagriculture:dirt_essence":229,"minecraft:potion":4,"minecraft:nether_brick":1,"ironfurnaces:augment_factory":1,"enderio:clear_glass_d":5,"silentgear:sinew":6,"minecraft:raw_copper":174,"mysticalagriculture:stone_seeds":21,"integrateddynamics:menril_log":49,"minecraft:smooth_stone_slab":4,"minecraft:iron_leggings":3,"minecraft:armor_stand":7,"bloodmagic:seersigil":1,"minecraft:zombie_head":11,"create:andesite_funnel":3,"occultism:tallow":12,"cobblefordays:tier_1":1,"minecraft:redstone_torch":14,"minecraft:calcite":24,"draconicevolution:draconium_dust":59,"mysticalagriculture:ice_seeds":1,"thermal:spinach_seeds":3,"xycraft_world:xychorium_gem_green":30,"pipez:improved_upgrade":1,"minecraft:iron_boots":1,"minecraft:furnace":2,"minecraft:stick":149,"botania:lexicon":4,"apotheosis:gem":23,"minecraft:torch":22,"minecraft:snow_block":4,"minecraft:porkchop":20,"tombstone:grave_dust":38,"minecraft:pointed_dripstone":309,"minecraft:shulker_spawn_egg":1,"powah:energizing_rod_blazing":5,"ae2:sky_stone_block":3,"minecraft:cactus":1313,"silentgear:leather_scrap":12,"thermal:corn_seeds":2,"exdeorum:tin_ore_chunk":404,"xycraft_world:kivi":18,"occultism:datura":36,"productivebees:spawn_egg_bumble_bee":1,"thermal:machine_insolator":5,"thermal:energy_duct":4,"occultism:burnt_otherstone":1,"minecraft:magma_cream":132,"alltheores:invar_ingot":5,"rftoolsbuilder:builder":1,"laserio:laser_connector":10,"mysticalagriculture:invar_seeds":1,"powah:ender_cell_blazing":7,"thermal:tin_gear":1,"minecraft:wither_skeleton_skull":3,"refinedstorage:improved_processor":20,"minecraft:lapis_lazuli":649,"mysticalagriculture:terrasteel_seeds":1,"create:pulse_repeater":3,"occultism:spirit_attuned_gem":18,"thermal:upgrade_augment_1":1,"powah:dielectric_paste":1,"botania:mana_diamond":35,"integrateddynamics:mechanical_squeezer":6,"ars_nouveau:source_gem":26,"minecraft:raw_gold":61,"simplemagnets:basic_demagnetization_coil":5,"mysticalagriculture:signalum_seeds":1,"alltheores:tin_ingot":2,"minecraft:oak_planks":35,"botania:gray_mystical_flower":1,"ironfurnaces:iron_furnace":1,"minecraft:ghast_tear":45,"minecraft:sand":3313,"ars_elemental:yellow_archwood_log":1,"mob_grinding_utils:fan":4,"forbidden_arcanus:ender_pearl_fragment":40,"minecraft:clay":31,"minecraft:diamond":90,"botania:grass_seeds":12,"mysticalagriculture:redstone_seeds":38,"allthecompressed:oak_log_1x":8,"sophisticatedstorage:advanced_magnet_upgrade":1,"alltheores:aluminum_ingot":60,"minecraft:oak_sapling":331,"minecraft:nether_star":6,"reliquary:withered_rib":3,"functionalstorage:oak_1":7,"minecraft:fishing_rod":1,"minecraft:chicken":12,"mysticalagriculture:quartz_enriched_iron_essence":199,"occultism:purified_ink":4,"laserio:laser_connector_advanced":2,"minecraft:gold_block":19,"cookingforblockheads:cow_jar":2,"megacells:sky_steel_ingot":2,"exdeorum:blackstone_pebble":3449,"ars_nouveau:archwood_planks":4,"exdeorum:string_mesh":9,"minecraft:wooden_sword":1,"reliquary:chelicerae":7,"functionalstorage:oak_4":8,"exdeorum:golden_mesh":5,"botania:mana_string":11,"sophisticatedstorage:barrel":2,"minecraft:sugar_cane":10,"minecraft:phantom_membrane":35,"alltheores:electrum_ingot":2,"mob_grinding_utils:golden_egg":1,"minecraft:raw_iron":294,"reliquary:catalyzing_gland":3,"exdeorum:porcelain_crucible":1,"alltheores:copper_nugget":7,"ars_nouveau:blue_archwood_log":55,"minecraft:stone_button":2,"mekanism:basic_energy_cube":1,"powah:capacitor_basic_large":3,"sophisticatedstorage:gold_barrel":3,"botania:terrasteel_ingot":5,"minecraft:arrow":156,"botania:lime_mystical_flower":1,"xycraft_world:xychorium_gem_blue":12,"mysticalagriculture:nether_quartz_essence":112,"bloodmagic:blankrune":6,"powah:dry_ice":128,"glassential:glass_light":4,"exdeorum:crushed_netherrack":36,"mekanism:cardboard_box":36,"pylons:harvester_pylon":1,"integrateddynamics:drying_basin":3,"mysticalagriculture:dye_seeds":1,"forbidden_arcanus:zombie_arm":1,"thermal:device_collector":1,"mysticalagriculture:experience_seeds":1,"botania:flower_bag":1,"tombstone:voodoo_poppet":1,"rftoolsutility:sequencer":1,"fluxnetworks:flux_point":3,"botania:dreamwood_log":16,"mysticalagriculture:amethyst_seeds":1,"botania:dragonstone":5,"refinedstorage:basic_processor":37,"mysticalagriculture:nether_seeds":1,"thermal:slot_seal":4,"minecraft:soul_sand":454,"powah:ender_gate_blazing":31,"mysticalagriculture:soulium_seeds":4,"sophisticatedbackpacks:diamond_backpack":1,"minecraft:book":8,"minecraft:oak_slab":3,"mysticalagriculture:fire_seeds":1,"minecraft:pumpkin":9,"ars_nouveau:red_archwood_sapling":9,"refinedstorage:quartz_enriched_iron":55,"refinedstorage:machine_casing":2,"integrateddynamics:crystalized_menril_block":4,"refinedstorage:pattern":250,"thermal:green_bean_seeds":1,"minecraft:white_bed":14,"mysticalagriculture:wood_seeds":38,"alltheores:tin_dust":16,"minecraft:spider_eye":90,"thermal:rice_seeds":5,"powah:energizing_rod_basic":4,"mysticalagradditions:end_prosperity_ore":51,"refinedstorage:detector":1,"thermal:redstone_servo":4,"utilitarian:snad":3,"minecraft:campfire":1,"create:encased_fan":2,"minecraft:iron_helmet":5,"mysticalagriculture:obsidian_seeds":1,"sophisticatedstorage:copper_barrel":1,"tombstone:magic_scroll":12,"xycraft_world:xychorium_storage_blue":5,"minecraft:coal":1179,"ironfurnaces:netherite_furnace":1},"minecraft:crafted":{"pipez:basic_upgrade":5,"powah:magmator_basic":5,"minecraft:black_dye":8,"pipez:wrench":1,"immersiveengineering:hammer":1,"matc:prudentium_crystal":1,"mysticalagriculture:soulium_ingot":9,"botania:lens_speed":2,"reliquary:fertile_lily_pad":81,"botania:manasteel_block":1,"minecraft:cactus":8,"minecraft:red_sand":24,"alltheores:constantan_ingot":10,"minecraft:melon":16,"botania:mana_pylon":2,"minecraft:blaze_powder":1131,"alltheores:signalum_ingot":72,"glassential:glass_light":168,"minecraft:zombie_head":7,"simplemagnets:basic_demagnetization_coil":6,"ironfurnaces:iron_furnace":1,"hostilenetworks:blank_data_model":10,"minecraft:diamond_shovel":1,"patchouli:guide_book":1,"sophisticatedstorage:gold_to_diamond_tier_upgrade":1,"laserio:laser_connector":14,"enderio:advanced_item_filter":1,"thermal:machine_frame":1,"modularrouters:augment_core":8,"botania:red_petal":14,"thermal:upgrade_augment_2":1,"minecraft:diamond_helmet":8,"create:andesite_funnel":2,"botania:twig_wand":3,"refinedstorage:crafting_grid":2,"occultism:brush":1,"redstone_arsenal:flux_dust":4,"alltheores:iron_gear":5,"powah:magmator_starter":5,"simplemagnets:advanced_demagnetization_coil":1,"bloodmagic:speedrune":10,"ironfurnaces:upgrade_netherite":1,"powah:energizing_rod_starter":4,"functionalstorage:configuration_tool":1,"projecte:transmutation_table":1,"rftoolsbase:machine_base":1,"mysticalagriculture:experience_droplet":72,"minecraft:prismarine_shard":25,"minecraft:black_wool":1,"integrateddynamics:mechanical_squeezer":2,"create:cogwheel":6,"mekanism:energy_tablet":14,"alltheores:nickel_block":2,"mob_grinding_utils:fan_upgrade_height":3,"occultism:candle_white":4,"minecraft:redstone_lamp":1,"powah:capacitor_basic_large":10,"alltheores:tin_block":13,"projecte:transmutation_tablet":1,"exdeorum:oak_barrel":4,"farmingforblockheads:red_fertilizer":88,"exdeorum:netherite_mesh":3,"minecraft:smithing_table":1,"hostilenetworks:deep_learner":1,"craftingstation:crafting_station":1,"bloodmagic:sacrificialdagger":1,"minecraft:sticky_piston":4,"mob_grinding_utils:fan_upgrade_width":2,"minecraft:lava_bucket":5,"waystones:warp_stone":3,"mysticalagriculture:supremium_essence":32,"mysticalagriculture:nether_agglomeratio":4,"laserio:laser_node":10,"botania:open_crate":3,"allthecompressed:oak_log_1x":8,"modularrouters:dropper_module":2,"bloodmagic:selfsacrificerune":4,"mysticalagriculture:prudentium_hoe":1,"thermal:redstone_servo":4,"constructionwand:core_angel":1,"thermal:device_hive_extractor":1,"thermal:phytogro":64,"minecraft:stone_slab":18,"minecraft:iron_pickaxe":1,"allthecompressed:end_stone_1x":12,"projecte:medium_covalence_dust":40,"minecraft:sandstone":64,"bloodmagic:blankrune":34,"farmingforblockheads:market":1,"minecraft:netherite_ingot":3,"refinedstorage:machine_casing":11,"enderio:conduit_binder_composite":8,"modularrouters:distributor_module":1,"alltheores:constantan_gear":5,"botania:black_shiny_flower":1,"integrateddynamics:crystalized_menril_chunk":9,"minecraft:nautilus_shell":5,"enderio:soularium_nugget":9,"mob_grinding_utils:ender_inhibitor_on":2,"refinedstorage:upgrade":12,"create:wrench":2,"mob_grinding_utils:saw_upgrade_fire":10,"sophisticatedstorage:advanced_compacting_upgrade":1,"minecraft:iron_nugget":246,"minecraft:diamond_hoe":9,"exmachinis:gold_upgrade":8,"refinedstorage:external_storage":4,"xycraft_machines:extractor":2,"minecraft:quartz":173,"buildinggadgets2:gadget_building":1,"alltheores:brass_plate":1,"minecraft:brain_coral_block":1,"minecraft:terracotta":5,"sophisticatedstorage:upgrade_base":15,"botania:glimmering_livingwood_log":3,"ironjetpacks:strap":1,"modularrouters:blank_upgrade":20,"botania:spark_upgrade_dominant":1,"minecraft:stone_pickaxe":3,"productivebees:sturdy_bee_cage":6,"mysticalagriculture:soulstone_smooth":0,"minecraft:quartz_slab":6,"alltheores:silver_dust":20,"crafting_on_a_stick:smithing_table":1,"laserio:filter_count":7,"ironjetpacks:thruster":12,"alltheores:nickel_dust":35,"laserio:card_item":22,"alltheores:zinc_block":14,"laserio:logic_chip_raw":22,"botania:lens_power":1,"constructionwand:diamond_wand":1,"modularrouters:security_upgrade":1,"minecraft:enchanting_table":1,"botania:mana_spreader":3,"ironjetpacks:advanced_coil":22,"alltheores:electrum_ingot":0,"itemcollectors:basic_collector":5,"sophisticatedbackpacks:gold_backpack":1,"minecraft:lily_pad":88,"modularrouters:activator_module":4,"minecraft:red_carpet":1,"minecraft:orange_dye":4,"itemcollectors:advanced_collector":5,"bloodmagic:alchemytable":1,"mob_grinding_utils:tank_sink":1,"ironjetpacks:cell":30,"xnet:redstone_proxy":1,"minecraft:writable_book":2,"minecraft:armor_stand":2,"powah:capacitor_basic":48,"create:shaft":16,"refinedstorage:improved_processor":0,"thermal:device_rock_gen":3,"minecraft:soul_sand":96,"mob_grinding_utils:fan":2,"sophisticatedstorage:controller":1,"minecraft:barrel":4,"modularrouters:detector_module":3,"botania:natura_pylon":2,"sophisticatedstorage:basic_to_diamond_tier_upgrade":1,"forbidden_arcanus:artisan_relic":1,"minecraft:cooked_chicken":6,"alltheores:copper_dust":191,"utilitarian:angel_block":2,"refinedstorage:cable":48,"refinedstorage:controller":2,"minecraft:stone":133,"exdeorum:unfired_porcelain_crucible":5,"alltheores:lumium_gear":2,"projecte:high_covalence_dust":120,"fluxnetworks:flux_point":1,"mob_grinding_utils:tank":10,"refinedstorage:64k_storage_disk":1,"botania:livingwood":9,"alltheores:electrum_plate":6,"modularrouters:modular_router":12,"pipez:fluid_pipe":64,"modularrouters:redstone_augment":1,"alltheores:osmium_ore":3,"mysticalagriculture:soulium_block":1,"alltheores:tin_ingot":61,"enderio:enchanter":1,"minecraft:bow":3,"pickletweaks:stone_paxel":7,"enderio:vacuum_chest":1,"botania:lens_normal":2,"alltheores:zinc_ingot":9,"crafting_on_a_stick:anvil":1,"alltheores:nickel_ore":5,"mekanism:block_refined_glowstone":4,"exmachinis:diamond_upgrade":2,"mysticalagriculture:mystical_flower_agglomeratio":4,"minecraft:comparator":13,"hostilenetworks:loot_fabricator":2,"rftoolsutility:crafter1":2,"enderio:energetic_alloy_nugget":9,"enderio:primitive_alloy_smelter":1,"occultism:book_of_binding_foliot":1,"minecraft:chest":120,"functionalstorage:gold_upgrade":13,"minecraft:copper_block":39,"mob_grinding_utils:absorption_hopper":3,"alltheores:invar_gear":4,"alltheores:gold_gear":1,"minecraft:bricks":6,"powah:energizing_rod_hardened":4,"projecte:aeternalis_fuel_block":2,"minecraft:ender_eye":54,"occultism:golden_sacrificial_bowl":1,"alltheores:steel_dust":372,"minecraft:stone_bricks":76,"minecraft:oak_fence":3,"alltheores:enderium_ingot":4,"chipped:mason_table":1,"mob_grinding_utils:xpsolidifier":1,"fluxnetworks:flux_core":36,"mysticalagriculture:inferium_gemstone":7,"minecraft:dropper":77,"integrateddynamics:squeezer":2,"rftoolspower:coalgenerator":1,"sophisticatedstorage:advanced_magnet_upgrade":1,"minecraft:cauldron":1,"mob_grinding_utils:entity_conveyor":6,"sophisticatedstorage:magnet_upgrade":2,"mekanism:configuration_card":1,"alltheores:diamond_dust":2,"projecte:mobius_fuel":80,"minecraft:iron_helmet":20,"sophisticatedstorage:storage_tool":1,"constructionwand:iron_wand":3,"refinedstorage:exporter":2,"mob_grinding_utils:solid_xp_mould_baby":1,"minecraft:red_wool":10,"simplemagnets:advancedmagnet":1,"refinedstorage:speed_upgrade":7,"botania:manasteel_ingot":10,"cobblefordays:tier_1":3,"alltheores:lead_ore":5,"alltheores:aluminum_block":14,"occultism:demons_dream_essence":4,"alltheores:zinc_nugget":9,"bloodmagic:incensealtar":1,"minecraft:dispenser":8,"minecraft:tnt":2,"ironjetpacks:capacitor":6,"minecraft:totem_of_undying":1,"minecraft:yellow_dye":12,"create:water_wheel":1,"botania:brown_mystical_flower":6,"sophisticatedbackpacks:diamond_backpack":1,"minecraft:stick":301,"mekanism:crusher":1,"minecraft:iron_ingot":207,"exdeorum:mechanical_hammer":1,"minecraft:iron_ore":13,"exdeorum:oak_sieve":15,"botania:glimmering_dreamwood":1,"powah:energizing_rod_nitro":5,"allthecompressed:bronze_block_1x":4,"occultism:butcher_knife":1,"alltheores:platinum_nugget":9,"mysticalagriculture:master_infusion_crystal":1,"mysticalagriculture:imperium_essence":265,"projecte:condenser_mk1":1,"refinedstorage:detector":2,"sophisticatedstorage:pickup_upgrade":2,"buildinggadgets2:gadget_exchanging":1,"botania:dreamwood":3,"botania:spark":6,"alltheores:osmium_nugget":9,"alltheores:lead_gear":6,"mekanism:basic_universal_cable":16,"minecraft:fishing_rod":1,"mekanismgenerators:wind_generator":6,"alltheores:aluminum_ingot":9,"glassential:glass_ethereal":4,"mysticalagriculture:infusion_pedestal":8,"allthecompressed:osmium_block_1x":1,"minecraft:furnace":20,"alltheores:invar_dust":3,"minecraft:blast_furnace":2,"alltheores:gold_dust":115,"mysticalagriculture:prosperity_ingot":9,"minecraft:piston":134,"botania:floating_endoflame":4,"modularrouters:range_down_augment":16,"alltheores:osmium_block":11,"minecraft:oak_trapdoor":18,"minecraft:flint_and_steel":42,"refinedstorage:crafter":4,"refinedstorage:constructor":1,"extrastorage:raw_neural_processor":4,"utilitix:linked_repeater":3,"integrateddynamics:energy_battery":6,"mob_grinding_utils:saw_upgrade_looting":10,"alltheores:gold_plate":6,"thermal:slot_seal":2,"sophisticatedstorage:advanced_hopper_upgrade":1,"allthecompressed:steel_block_1x":4,"minecraft:purpur_block":12,"functionalstorage:oak_1":33,"sophisticatedstorage:iron_barrel":5,"xycraft_machines:stake":1,"occultism:spirit_attuned_crystal":2,"refinedstorage:wireless_crafting_monitor":1,"mysticalagriculture:prudentium_essence":4294,"alltheores:signalum_dust":8,"botania:fertilizer":32,"supplementaries:globe_sepia":1,"create:andesite_alloy":32,"mob_grinding_utils:saw_upgrade_sharpness":10,"enderio:void_chassis":1,"alltheores:zinc_ore":4,"rsrequestify:requester":2,"thermal:machine_press":1,"pipez:energy_pipe":32,"botania:white_mystical_flower":6,"ironjetpacks:elite_coil":11,"minecraft:iron_sword":49,"alltheores:aluminum_nugget":9,"refinedstorage:range_upgrade":4,"minecraft:skeleton_skull":4,"ae2:silicon":0,"minecraft:dirt":2496,"sophisticatedstorage:basic_to_iron_tier_upgrade":2,"minecraft:copper_ore":9,"sophisticatedstorage:compacting_upgrade":3,"minecraft:ice":48,"crafting_on_a_stick:crafting_table":2,"modularrouters:sender_module_1":5,"mysticalagriculture:enchanter":1,"sophisticatedstorage:basic_to_gold_tier_upgrade":1,"mob_grinding_utils:xp_tap":2,"functionalstorage:void_upgrade":13,"exdeorum:porcelain_clay_ball":35,"laserio:logic_chip":40,"sophisticatedstorage:hopper_upgrade":1,"functionalstorage:copper_upgrade":23,"mob_grinding_utils:solid_xp_mould_blank":1,"mekanism:enrichment_chamber":2,"minecraft:white_dye":147,"refinedstorage:regulator_upgrade":1,"mysticalagriculture:infusion_altar":1,"minecraft:anvil":1,"alltheores:iron_dust":433,"supplementaries:flint_block":69,"extrastorage:neural_processor":0,"occultism:book_of_binding_bound_foliot":1,"mysticalagriculture:soul_glass":8,"cookingforblockheads:sink":1,"thermal:rf_coil":4,"minecraft:diamond_chestplate":5,"cobblefordays:tier_4":1,"create:pulse_repeater":1,"minecraft:smooth_stone":6,"functionalstorage:compacting_drawer":13,"botania:obedience_stick":1,"mob_grinding_utils:gm_chicken_feed_cursed":1,"botania:rainbow_rod":2,"mysticalagriculture:experience_capsule":4,"fluxnetworks:flux_plug":1,"pipez:improved_upgrade":5,"projecte:alchemical_chest":1,"pipez:item_pipe":32,"waystones:waystone":3,"botania:mana_pool":6,"alltheores:silver_ore":5,"croptopia:toast":8,"reliquary:fertile_essence":256,"minecraft:lever":10,"sophisticatedstorage:stack_upgrade_tier_1":5,"sophisticatedstorage:stack_upgrade_tier_3":1,"allthemodium:allthemodium_block":4,"minecraft:iron_bars":128,"occultism:sacrificial_bowl":5,"create:vertical_gearbox":1,"minecraft:quartz_block":22,"minecraft:glass":183,"ironjetpacks:ultimate_coil":11,"rftoolsbuilder:shape_card_def":1,"minecraft:diamond_leggings":8,"minecraft:repeater":13,"alltheores:osmium_dust":42,"laserio:card_holder":1,"thermal:upgrade_augment_1":1,"minecraft:polished_blackstone":4,"refinedstorage:grid":3,"mysticalagriculture:imperium_hoe":1,"allthecompressed:sand_1x":172,"extrastorage:iron_crafter":3,"enderio:energized_gear":2,"refinedstorage:processor_binding":18,"ars_nouveau:apprentice_spell_book":1,"botania:bifrost_perm":5,"botania:light_gray_petal":14,"utilitix:mob_yoinker":5,"refinedstorage:raw_advanced_processor":34,"minecraft:glass_bottle":126,"minecraft:deepslate":64,"sophisticatedstorage:copper_barrel":6,"enderio:basic_capacitor":3,"sophisticatedstorage:void_upgrade":5,"minecraft:diamond_axe":3,"botania:red_mystical_flower":6,"refinedstorage:crafter_manager":1,"powah:energizing_rod_niotic":4,"rsinfinitybooster:infinity_card":1,"glassential:glass_dark_ethereal_reverse":21,"minecraft:gravel":104,"alltheores:aluminum_dust":32,"alltheores:steel_block":38,"allthecompressed:gold_block_1x":1,"minecraft:moss_block":10,"minecraft:copper_ingot":268,"botania:white_floating_flower":5,"minecraft:hay_block":1,"botania:livingwood_twig":11,"minecraft:campfire":1,"create:redstone_link":4,"bloodmagic:altar":1,"create:gearbox":1,"create:encased_fan":1,"botania:runic_altar":2,"thermal:machine_speed_augment":3,"allthecompressed:iron_block_1x":1,"constructionwand:stone_wand":31,"matc:imperium_crystal":1,"exdeorum:flint_mesh":16,"botania:mana_tablet":1,"xycraft_machines:port_item":2,"alltheores:electrum_dust":10,"minecraft:iron_block":42,"minecraft:gold_ingot":45,"refinedstorage:importer":3,"create:propeller":1,"mekanism:osmium_compressor":1,"alltheores:bronze_block":42,"buildinggadgets2:gadget_copy_paste":1,"minecraft:fire_charge":12,"mysticalagriculture:dye_agglomeratio":4,"powah:capacitor_basic_tiny":20,"minecraft:packed_ice":610,"fluxnetworks:flux_controller":1,"modularrouters:blank_module":30,"modularrouters:speed_upgrade":42,"powah:dielectric_casing":28,"minecraft:stone_shovel":6,"minecraft:smooth_stone_slab":6,"laserio:filter_basic":25,"mysticalagriculture:end_agglomeratio":4,"mekanism:cardboard_box":4,"mysticalagriculture:water_agglomeratio":4,"minecraft:tinted_glass":28,"enderchests:ender_pouch":4,"ironjetpacks:basic_coil":22,"minecraft:bone_meal":43,"allthecompressed:cobblestone_1x":265,"alltheores:copper_gear":6,"sophisticatedstorage:advanced_void_upgrade":3,"minecraft:pink_dye":4,"thermal:apatite":16,"minecraft:white_carpet":3,"mysticalagriculture:supremium_hoe":1,"functionalstorage:linking_tool":1,"allthecompressed:gravel_1x":398,"botania:black_petal":12,"utilitix:linked_crystal":2,"alltheores:copper_ore_hammer":14,"enderio:pulsating_alloy_nugget":18,"refinedstorage:crafting_monitor":2,"minecraft:wither_skeleton_skull":13,"enderio:soul_chain":4,"modularrouters:bulk_item_filter":1,"cookingforblockheads:milk_jar":1,"alltheores:signalum_gear":2,"alltheores:tin_ore":5,"ars_nouveau:novice_spell_book":1,"utilitarian:snad":2,"botania:white_petal":10,"minecraft:diamond_boots":5,"mysticalagriculture:nature_agglomeratio":4,"alltheores:steel_ingot":30,"minecraft:redstone_block":39,"exdeorum:iron_mesh":16,"minecraft:golden_helmet":20,"dankstorage:dank_1":2,"enderio:ensouled_chassis":1,"minecraft:coal_block":1,"powah:dielectric_paste":256,"exdeorum:golden_mesh":16,"mysticalagriculture:inferium_seeds":4,"simplemagnets:basicmagnet":1,"matc:inferium_crystal":7,"summoningrituals:altar":1,"alltheores:osmium_ingot":36,"exdeorum:diamond_hammer":7,"powah:magmator_hardened":5,"everlastingabilities:ability_bottle":2,"minecraft:calcite":640,"functionalstorage:oak_4":48,"alltheores:invar_ingot":125,"refinedstorage:wireless_transmitter":1,"botania:white_shiny_flower":5,"allthecompressed:netherrack_1x":4,"exdeorum:compressed_stone_hammer":39,"refinedstorage:raw_improved_processor":34,"functionalstorage:oak_2":16,"rftoolsbuilder:builder":1,"alltheores:iron_plate":6,"mob_grinding_utils:saw":1,"minecraft:glowstone":1,"alltheores:lead_block":1,"botania:light_gray_mystical_flower":6,"occultism:dictionary_of_spirits":1,"projecte:low_covalence_dust":40,"cobblefordays:tier_3":3,"enderio:pulsating_crystal":1,"exdeorum:crook":8,"mysticalagriculture:prosperity_gemstone":7,"hostilenetworks:prediction_matrix":240,"thermal:upgrade_augment_3":1,"ironfurnaces:upgrade_gold":1,"minecraft:oak_log":208,"functionalstorage:diamond_upgrade":3,"minecraft:cobblestone":9,"alltheores:tin_dust":48,"alltheores:lumium_dust":8,"refinedstorage:raw_basic_processor":58,"mob_grinding_utils:nutritious_chicken_feed":1,"minecraft:blackstone":280,"exdeorum:end_cake":1,"minecraft:white_bed":1,"functionalstorage:storage_controller":1,"allthecompressed:blackstone_1x":60,"ironfurnaces:upgrade_diamond":1,"mysticalagriculture:fire_agglomeratio":4,"mysticalagriculture:tertium_hoe":1,"laserio:laser_wrench":1,"glassential:glass_dark_ethereal":30,"hostilenetworks:sim_chamber":4,"refinedstorage:stack_upgrade":3,"minecraft:oak_planks":892,"sophisticatedstorage:stack_upgrade_tier_1_plus":5,"botania:livingwood_planks":24,"ars_nouveau:archwood_planks":64,"occultism:chalk_white_impure":1,"enderio:basic_item_filter":1,"powah:ender_cell_blazing":1,"laserio:overclocker_card":12,"alltheores:lead_ingot":10,"alltheores:iron_ore_hammer":3,"minecraft:sand":1,"thermal:device_collector":1,"sophisticatedstorage:barrel":10,"allthecompressed:tin_block_1x":1,"matc:supremium_crystal":1,"productivebees:spawn_egg_bumble_bee":2,"minecraft:green_dye":10,"enderio:item_conduit":8,"mysticalagriculture:prosperity_seed_base":35,"minecraft:hopper":34,"modularrouters:puller_module_1":2,"alltheores:silver_ingot":10,"alltheores:aluminum_ore":3,"refinedstorage:4k_storage_part":3,"minecraft:cyan_terracotta":24,"mysticalagriculture:tertium_essence":1071,"thermal:machine_pulverizer":3,"pylons:harvester_pylon":1,"minecraft:water_bucket":10,"powah:energizing_rod_basic":4,"pickletweaks:diamond_paxel":1,"refinedstorage:pattern_grid":1,"minecraft:netherite_upgrade_smithing_template":16,"functionalstorage:netherite_upgrade":1,"refinedstorage:disk_drive":1,"botania:mana_distributor":1,"exdeorum:stone_hammer":13,"mysticalagradditions:insanium_essence":4,"exdeorum:porcelain_crucible":1,"sophisticatedstorage:gold_barrel":3,"cobblefordays:tier_2":3,"occultism:burnt_otherstone":0,"modularrouters:sender_module_2":5,"minecraft:oak_slab":72,"ironjetpacks:jetpack":6,"sophisticatedbackpacks:backpack":1,"botania:terra_plate":1,"integrateddynamics:mechanical_drying_basin":1,"minecraft:crafting_table":11,"minecraft:gold_ore":4,"minecraft:wooden_pickaxe":1,"minecraft:kelp":8,"allthecompressed:zinc_block_1x":1,"alltheores:bronze_ingot":442,"minecraft:gold_block":15,"refinedstorage:crafting_upgrade":11,"refinedstorage:basic_processor":0,"mysticalagriculture:soulium_dust":36,"exdeorum:oak_crucible":2,"botania:shimmerrock":5,"rftoolsutility:crafter2":2,"modularrouters:puller_module_2":1,"supplementaries:wrench":1,"farmersdelight:cutting_board":1,"minecraft:book":21,"minecraft:paper":58,"minecraft:charcoal":0,"minecraft:diamond_pickaxe":3,"minecraft:shield":1,"mekanism:steel_casing":8,"powah:capacitor_hardened":18,"rftoolsutility:crafter3":2,"laserio:laser_connector_advanced":2,"enderchests:ender_chest":4,"botania:apothecary_default":1,"minecraft:redstone_torch":83,"mysticalagriculture:inferium_hoe":1,"minecraft:shears":2,"refinedstorage:pattern":8,"exmachinis:flux_sieve":6,"pipez:advanced_upgrade":5,"botania:brown_petal":25,"powah:energizing_rod_blazing":4,"thermal:obsidian_glass":2,"rftoolsbase:smartwrench":1,"minecraft:redstone":731,"minecraft:coal":1817,"functionalstorage:simple_compacting_drawer":5,"rftoolsbase:machine_frame":5,"refinedstorage:16k_storage_disk":1,"enderio:slice_and_splice":1,"refinedstorage:16k_storage_part":1,"alltheores:lead_nugget":9,"minecraft:popped_chorus_fruit":0,"botania:black_mystical_flower":6,"botania:terrasteel_nugget":9,"powah:energizing_rod_spirited":5,"minecraft:stone_button":1,"allthecompressed:aluminum_block_1x":1,"rftoolsutility:sequencer":1,"exdeorum:diamond_mesh":16,"minecraft:sugar_cane":80,"refinedstorage:wrench":1,"refinedstorage:quartz_enriched_iron":552,"alltheores:uranium_dust":2,"minecraft:enchanted_golden_apple":2,"supplementaries:globe":1,"minecraft:diamond_block":6,"minecraft:glass_pane":64,"refinedstorage:advanced_processor":32,"refinedstorage:destruction_core":12,"projecte:aeternalis_fuel":20,"minecraft:blue_ice":73,"minecraft:polished_deepslate":4,"minecraft:iron_axe":2,"exdeorum:string_mesh":16,"minecraft:slime_ball":18,"minecraft:lime_dye":4,"darkutils:charm_portal":1,"ironfurnaces:upgrade_allthemodium":1,"minecraft:clay_ball":48,"thermal:machine_smelter":2,"mythicbotany:wither_aconite_floating":1,"alltheores:tin_gear":1,"laserio:filter_tag":6,"sophisticatedstorage:copper_to_iron_tier_upgrade":1,"powah:dielectric_rod_horizontal":102,"alltheores:tin_nugget":9,"minecraft:observer":67,"refinedstorage:1k_storage_part":9,"sophisticatedbackpacks:iron_backpack":1,"modularrouters:vacuum_module":3,"minecraft:red_dye":123,"extrastorage:gold_crafter":2,"exdeorum:stone_barrel":1,"minecraft:bone_block":1,"minecraft:diamond_sword":15,"minecraft:cyan_dye":4,"biggerreactors:graphite_ingot":5,"mekanism:metallurgic_infuser":1,"ars_nouveau:imbuement_chamber":6,"alltheores:nickel_ingot":37,"powah:energizing_orb":1,"enderio:alloy_smelter":1,"pickletweaks:flint_shears":2,"sophisticatedstorage:iron_to_gold_tier_upgrade":4,"integrateddynamics:drying_basin":1,"mob_grinding_utils:spikes":2,"minecraft:nether_bricks":4,"mekanism:superheating_element":5,"minecraft:grass_block":1400,"ironfurnaces:augment_factory":1,"minecraft:bucket":32,"minecraft:stone_axe":1,"botania:alfheim_portal":1,"refinedstorageaddons:wireless_crafting_grid":1,"minecraft:air":8340,"minecraft:bread":28,"minecraft:blue_dye":80,"powah:dielectric_rod":154,"projecte:alchemical_coal":329,"minecraft:white_wool":17,"mekanism:basic_energy_cube":1,"ironfurnaces:upgrade_obsidian":1,"minecraft:gold_nugget":23,"matc:tertium_crystal":1,"darkutils:charm_sleep":1,"alltheores:lumium_ingot":8,"sophisticatedstorage:iron_to_diamond_tier_upgrade":1,"allthecompressed:cobblestone_2x":2,"refinedstorage:construction_core":9,"botania:elven_spreader":2,"ironfurnaces:upgrade_emerald":1,"exmachinis:flux_hammer":7,"mob_grinding_utils:jumbo_tank":2,"mob_grinding_utils:saw_upgrade_beheading":10,"enderio:double_layer_capacitor":1,"mythicbotany:mana_infuser":1,"sophisticatedstorage:stack_upgrade_tier_2":4,"fluxnetworks:flux_block":6},"minecraft:custom":{"minecraft:damage_blocked_by_shield":920,"minecraft:play_time":4121420,"minecraft:jump":4736,"tombstone:kill_undead_boss":6,"tombstone:undead_killed":209,"minecraft:inspect_hopper":50,"tombstone:raider_killed":26,"minecraft:time_since_rest":1,"minecraft:swim_one_cm":65944,"minecraft:open_chest":1203,"minecraft:damage_resisted":4225,"minecraft:talked_to_villager":132,"minecraft:interact_with_brewingstand":1,"tombstone:villager_killed":63,"minecraft:damage_dealt_resisted":192,"minecraft:damage_taken":11838,"minecraft:open_barrel":1466,"minecraft:eat_cake_slice":1,"minecraft:leave_game":41,"minecraft:time_since_death":4121410,"minecraft:interact_with_furnace":385,"minecraft:traded_with_villager":89,"minecraft:sleep_in_bed":132,"minecraft:waystone_activated":3,"minecraft:damage_dealt":195659,"minecraft:damage_dealt_absorbed":80,"minecraft:sneak_time":92667,"minecraft:total_world_time":4420533,"minecraft:use_wand":2229,"minecraft:fly_one_cm":4424472,"minecraft:fall_one_cm":201680,"lootr:looted_stat":10,"minecraft:animals_bred":2,"minecraft:sprint_one_cm":1732251,"minecraft:drop":541,"minecraft:walk_on_water_one_cm":22957,"minecraft:crouch_one_cm":82606,"minecraft:mob_kills":1406,"minecraft:climb_one_cm":2972,"minecraft:walk_one_cm":5497997,"minecraft:walk_under_water_one_cm":44501,"minecraft:damage_absorbed":2459},"minecraft:dropped":{"exdeorum:basalt_pebble":151,"minecraft:iron_sword":1,"minecraft:porkchop":10,"minecraft:diamond":19,"minecraft:cooked_porkchop":1,"everlastingabilities:ability_totem":2,"forcecraft:red_chu_jelly":4,"botania:mana_pearl":7,"refinedstorage:cable":46,"minecraft:emerald":128,"minecraft:writable_book":1,"minecraft:gold_nugget":12,"minecraft:sand":704,"minecraft:iron_nugget":5,"minecraft:cooked_chicken":9,"minecraft:cobbled_deepslate":3400,"minecraft:rotten_flesh":10,"mekanism:cardboard_box":1,"mysticalagriculture:inferium_essence":12,"minecraft:glass":18,"minecraft:beef":6,"botania:brown_petal":6,"minecraft:wheat_seeds":12,"occultism:datura":3,"minecraft:black_dye":4,"everlastingabilities:ability_bottle":1,"silentgear:sinew":3,"chipped:cut_cobblestone_column":3,"minecraft:wooden_axe":1,"minecraft:chainmail_leggings":1,"minecraft:diamond_sword":1,"hostilenetworks:data_model":1,"botania:lexicon":4,"botania:livingwood_log":16,"minecraft:bundle":1,"exdeorum:diorite_pebble":148,"minecraft:bow":4,"forcecraft:green_chu_jelly":2,"modularrouters:range_down_augment":31,"minecraft:oak_log":4,"minecraft:nether_star":2,"minecraft:ender_pearl":14,"botania:livingrock":13,"minecraft:mutton":8,"minecraft:gold_ingot":8,"ae2:charged_certus_quartz_crystal":2,"botania:rune_air":2,"minecraft:leather_chestplate":2,"forcecraft:spoils_bag":36,"silentgear:leather_scrap":5,"botania:dragonstone":2,"botania:red_petal":3,"ae2:sky_stone_block":2,"minecraft:golden_axe":1,"botania:mana_glass":5,"forcecraft:gold_chu_jelly":2,"minecraft:cactus":65,"exdeorum:stone_pebble":5,"botania:light_gray_petal":3,"minecraft:andesite":64,"minecraft:oak_sapling":6,"alltheores:nickel_ore":2,"occultism:spirit_attuned_gem":5,"minecraft:cooked_beef":1,"botania:mana_diamond":21,"minecraft:grass":17,"exdeorum:granite_pebble":140,"exdeorum:crook":1,"minecraft:bone_block":6,"thermal:peanut_seeds":1,"occultism:otherworld_log":16,"minecraft:bone":14,"botania:manasteel_ingot":24,"botania:pixie_dust":9,"forcecraft:fortune":1,"darkutils:charm_portal":2,"botania:rune_water":1,"minecraft:iron_ingot":17,"exdeorum:deepslate_pebble":165,"minecraft:cobblestone":130,"minecraft:coal":16,"minecraft:string":10,"minecraft:chicken":5,"modularrouters:distributor_module":1,"botania:mana_tablet":6,"mythicbotany:faded_nether_star":5,"minecraft:spider_eye":3,"create:brass_casing":1,"exdeorum:blackstone_pebble":5,"exdeorum:andesite_pebble":162,"occultism:chalk_white_impure":1,"minecraft:baked_potato":1,"sophisticatedstorage:advanced_magnet_upgrade":2,"silentgear:fine_silk":1,"botania:black_petal":4,"minecraft:cornflower":1,"botania:white_petal":4,"occultism:demons_dream_essence":3,"minecraft:diamond_shovel":1,"minecraft:chainmail_chestplate":1,"supplementaries:ash":3,"minecraft:gunpowder":16,"botania:rune_spring":1,"minecraft:arrow":10,"immersiveengineering:seed":3,"minecraft:oak_slab":1,"botania:rune_fire":1,"forcecraft:pile_of_gunpowder":8,"minecraft:iron_leggings":1,"minecraft:wither_rose":2,"minecraft:dandelion":5,"minecraft:redstone":512,"darkutils:charm_sleep":2,"exdeorum:oak_barrel":1,"botania:rune_pride":2},"minecraft:mined":{"minecraft:dragon_wall_head":1,"minecraft:white_bed":14,"mysticalagradditions:end_prosperity_ore":51,"powah:energizing_orb":1,"botania:livingwood_log":48,"supplementaries:pedestal":1,"integrateddynamics:menril_log":35,"minecraft:nether_wart":20,"botania:light_gray_mystical_flower":3,"minecraft:chorus_flower":1,"allthecompressed:sand_1x":173,"botania:purple_mystical_flower":4,"minecraft:fire":133,"minecraft:barrel":5,"pipez:fluid_pipe":10,"occultism:otherworld_leaves_natural":5,"mob_grinding_utils:jumbo_tank":1,"botania:elven_spreader":7,"alltheores:nickel_ore":32,"mekanism:enrichment_chamber":1,"exmachinis:flux_hammer":2,"ironfurnaces:iron_furnace":1,"minecraft:torch":2,"modularrouters:modular_router":6,"minecraft:melon":2,"refinedstorage:importer":10,"botania:endoflame":8,"thermal:energy_duct":4,"mekanism:cardboard_box":18,"minecraft:repeater":1,"sophisticatedbackpacks:diamond_backpack":1,"minecraft:grass":139,"enderio:conduit":3,"integrateddynamics:menril_leaves":1,"powah:reactor_niotic":1,"rftoolsutility:sequencer":1,"rftoolsbuilder:builder":1,"minecraft:end_stone":207,"powah:energizing_rod_hardened":4,"thermal:machine_smelter":2,"minecraft:redstone_wire":6,"mysticalagriculture:soulium_block":1,"create:encased_fan":2,"supplementaries:globe_sepia":1,"mythicbotany:wither_aconite":1,"botania:magenta_mystical_flower":8,"xycraft_world:xychorium_storage_green":5,"powah:magmator_basic":5,"minecraft:bone_block":1,"minecraft:oak_slab":2,"botania:lime_mystical_flower":4,"minecraft:soul_sand":1,"powah:energizing_rod_basic":4,"minecraft:dandelion":33,"minecraft:cornflower":2,"exmachinis:flux_sieve":4,"powah:energizing_rod_spirited":5,"utilitarian:angel_block":2,"minecraft:copper_ore":49,"minecraft:tall_grass":22,"ars_elemental:yellow_archwood_log":1,"sophisticatedstorage:barrel":2,"summoningrituals:altar":3,"botania:white_mystical_flower":6,"minecraft:sunflower":2,"minecraft:gravel":4,"minecraft:gold_ore":9,"minecraft:oak_sapling":1,"botania:creative_pool":1,"minecraft:brewing_stand":1,"laserio:laser_connector_advanced":2,"integrateddynamics:squeezer":2,"thermal:device_rock_gen":3,"mob_grinding_utils:absorption_hopper":3,"cobblefordays:tier_1":1,"exdeorum:mechanical_sieve":2,"ars_nouveau:red_archwood_log":60,"minecraft:flowering_azalea_leaves":3,"minecraft:iron_bars":1,"exdeorum:oak_sieve":9,"mysticalagriculture:wood_crop":3,"sophisticatedstorage:gold_barrel":3,"mysticalagriculture:nether_quartz_crop":6,"mob_grinding_utils:fan":4,"mob_grinding_utils:dreadful_dirt":1,"fluxnetworks:flux_point":1,"botania:green_double_flower":1,"xycraft_world:xychorium_storage_dark":5,"create:brass_casing":2,"sophisticatedstorage:copper_barrel":1,"ironfurnaces:emerald_furnace":2,"rftoolsutility:crafter3":3,"minecraft:oak_planks":35,"minecraft:wall_torch":2,"minecraft:dark_oak_slab":2,"cookingforblockheads:milk_jar":1,"refinedstorage:detector":1,"minecraft:blue_ice":2,"create:pulse_repeater":3,"mysticalagriculture:stone_crop":1,"enderchests:ender_chest":4,"minecraft:oak_log":458,"minecraft:beetroots":1,"minecraft:dirt":28,"occultism:otherworld_log_natural":29,"allthecompressed:blackstone_1x":60,"chipped:mason_table":3,"mcwfurnitures:mangrove_stool_chair":1,"minecraft:lever":3,"minecraft:stone_button":1,"minecraft:decorated_pot":1,"botania:brown_double_flower":10,"glassential:glass_dark_ethereal_reverse":6,"ironfurnaces:allthemodium_furnace":1,"itemcollectors:advanced_collector":6,"botania:runic_altar":1,"functionalstorage:oak_4":11,"minecraft:gold_block":19,"functionalstorage:simple_compacting_drawer":6,"create:orange_seat":2,"utilitix:linked_repeater":2,"bloodmagic:blankrune":6,"pipez:item_pipe":21,"minecraft:oak_fence":3,"botania:pink_mystical_flower":6,"itemcollectors:basic_collector":1,"botania:cyan_mystical_flower":7,"cookingforblockheads:sink":4,"powah:energizing_rod_niotic":5,"minecraft:bee_nest":1,"xycraft_world:xychorium_storage_red":5,"pylons:harvester_pylon":1,"mekanismgenerators:wind_generator":3,"botania:mana_pool":1,"xycraft_world:xychorium_storage_light":5,"botania:red_mystical_flower":5,"create:andesite_casing":7,"minecraft:obsidian":15,"refinedstorage:constructor":3,"botania:black_double_flower":4,"minecraft:hopper":1,"minecraft:oxeye_daisy":3,"projecte:condenser_mk1":1,"mob_grinding_utils:ender_inhibitor_on":1,"minecraft:pumpkin":9,"chipped:cut_cobblestone_column":329,"minecraft:dirt_path":1,"botania:brown_mystical_flower":5,"xycraft_machines:stake":9,"botania:light_blue_mystical_flower":4,"botania:green_mystical_flower":2,"mythicbotany:wither_aconite_floating":1,"enderio:primitive_alloy_smelter":3,"pipez:energy_pipe":37,"minecraft:soul_fire":1,"glassential:glass_light":5,"minecraft:mud_brick_stairs":2,"functionalstorage:compacting_drawer":7,"botania:black_mystical_flower":4,"minecraft:wheat":34,"minecraft:pumpkin_stem":2,"thermal:machine_insolator":5,"exdeorum:oak_barrel":9,"refinedstorage:external_storage":5,"allthecompressed:cobblestone_1x":887,"hostilenetworks:sim_chamber":1,"exdeorum:oak_crucible":2,"enderio:vacuum_chest":5,"alltheores:osmium_ore":39,"refinedstorage:exporter":2,"functionalstorage:oak_1":6,"simplemagnets:basic_demagnetization_coil":6,"xycraft_world:xychorium_storage_blue":5,"powah:energy_cable_blazing":1,"mekanism:superheating_element":1,"integrateddynamics:drying_basin":3,"botania:mana_spreader":5,"alltheores:aluminum_ore":32,"allthecompressed:end_stone_1x":12,"mekanism:crusher":2,"mob_grinding_utils:saw":1,"minecraft:comparator":3,"exdeorum:infested_leaves":384,"mekanism:basic_energy_cube":1,"laserio:laser_connector":11,"create:water_wheel":1,"create:redstone_link":4,"botania:livingwood":4,"xnet:redstone_proxy":1,"laserio:laser_node":3,"mekanism:ultimate_infusing_factory":1,"enderio:clear_glass_d":9,"minecraft:mycelium":10,"cookingforblockheads:cow_jar":1,"botania:gray_mystical_flower":3,"create:andesite_funnel":3,"chipped:alchemy_bench":1,"botania:floating_endoflame":5,"thermal:device_collector":2,"minecraft:cave_vines_plant":1,"minecraft:grass_block":93,"minecraft:mud_bricks":2,"occultism:datura":2,"powah:ender_cell_blazing":7,"powah:ender_gate_blazing":18,"integrateddynamics:mechanical_squeezer":6,"minecraft:iron_ore":233,"extrastorage:gold_crafter":4,"minecraft:azure_bluet":1,"cobblefordays:tier_4":3,"minecraft:azalea_leaves":1,"exdeorum:mechanical_hammer":2,"mysticalagriculture:redstone_crop":6,"botania:orange_mystical_flower":4,"minecraft:blackstone":17,"supplementaries:book_pile":2,"minecraft:clay":25,"mysticalagriculture:inferium_crop":19,"minecraft:poppy":2,"minecraft:chest":35,"minecraft:cobblestone":52,"botania:blue_mystical_flower":6,"minecraft:pink_petals":8,"amendments:directional_cake":1,"exdeorum:stone_barrel":4,"integrateddynamics:menril_log_filled":4,"mekanism:basic_universal_cable":1,"simplemagnets:advanced_demagnetization_coil":3,"minecraft:oak_leaves":606,"powah:energizing_rod_blazing":5,"functionalstorage:oak_2":5,"refinedstorage:cable":62,"minecraft:oak_trapdoor":15,"thermal:machine_pulverizer":1,"minecraft:furnace":1,"immersiveengineering:hemp":1,"ironfurnaces:netherite_furnace":1,"draconicevolution:end_draconium_ore":4,"minecraft:polished_deepslate":4,"botania:livingrock":43,"minecraft:packed_ice":1,"minecraft:chorus_plant":2,"minecraft:stone":10,"exdeorum:porcelain_crucible":1,"supplementaries:book_pile_horizontal":1,"utilitarian:snad":3,"functionalstorage:storage_controller":3,"minecraft:crafting_table":2,"allthecompressed:gravel_1x":335,"minecraft:rose_bush":4,"mcwfences:sandstone_grass_topped_wall":13,"mekanism:metallurgic_infuser":4,"botania:white_double_flower":10,"allthecompressed:netherrack_1x":4,"ars_nouveau:blue_archwood_log":55,"minecraft:cactus":2,"mysticalagriculture:dirt_crop":2,"mob_grinding_utils:xpsolidifier":1,"fluxnetworks:flux_plug":1,"botania:open_crate":5,"minecraft:redstone_torch":11,"botania:yellow_mystical_flower":2,"minecraft:end_rod":2,"powah:reactor_blazing":1,"allthecompressed:oak_log_1x":8,"refinedstorage:crafter":8},"minecraft:killed":{"forcecraft:angry_enderman":104,"minecraft:ender_dragon":1,"minecraft:pillager":2,"minecraft:donkey":5,"minecraft:zombie":95,"minecraft:vindicator":1,"minecraft:husk":5,"minecraft:zombified_piglin":6,"minecraft:spider":45,"minecraft:wither":6,"minecraft:bee":3,"minecraft:piglin":6,"ars_elemental:summon_strider":1,"ars_nouveau:gift_starby":7,"minecraft:zombie_villager":1,"minecraft:sheep":9,"minecraft:trader_llama":109,"minecraft:vex":2,"minecraft:slime":668,"minecraft:hoglin":2,"minecraft:squid":1,"ars_nouveau:whirlisprig":11,"minecraft:wither_skeleton":29,"minecraft:shulker":9,"minecraft:skeleton":44,"minecraft:chicken":12,"minecraft:magma_cube":37,"minecraft:cow":9,"minecraft:horse":4,"ars_nouveau:drygmy":7,"ars_nouveau:starbuncle":3,"minecraft:wandering_trader":63,"minecraft:enderman":8,"minecraft:pig":7,"minecraft:creeper":21,"minecraft:blaze":20,"minecraft:phantom":23,"forcecraft:creeper_tot":2},"minecraft:used":{"refinedstorage:exporter":11,"botania:creative_pool":1,"functionalstorage:linking_tool":103,"allthecompressed:blackstone_1x":60,"rftoolspower:coalgenerator":2,"minecraft:stone":59,"fluxnetworks:flux_plug":2,"minecraft:soul_sand":405,"powah:energizing_rod_nitro":5,"mekanism:basic_energy_cube":2,"ars_elemental:yellow_archwood_sapling":1,"mysticalagriculture:redstone_seeds":8,"refinedstorage:detector":1,"refinedstorage:crafter_manager":1,"minecraft:packed_ice":2,"occultism:butcher_knife":4,"minecraft:lava_bucket":17,"extrastorage:iron_crafter":1,"thermal:machine_insolator":37,"exdeorum:crushed_netherrack":36,"summoningrituals:altar":4,"occultism:chalk_white":12,"minecraft:oak_sapling":72,"minecraft:bow":20,"create:shaft":1,"mysticalagriculture:tertium_essence":5,"enderchests:ender_chest":8,"glassential:glass_ethereal":3,"tiab:time_in_a_bottle":831,"occultism:datura_seeds":1,"minecraft:blackstone":17,"minecraft:cactus":2,"minecraft:wooden_pickaxe":3,"hostilenetworks:sim_chamber":5,"minecraft:clay":25,"mythicbotany:wither_aconite_floating":2,"botania:alfheim_portal":1,"minecraft:glow_berries":1,"rftoolsutility:crafter3":5,"utilitix:mob_yoinker":10,"rftoolsbuilder:builder":1,"sophisticatedstorage:basic_to_iron_tier_upgrade":1,"minecraft:flowering_azalea_leaves":1,"alltheores:aluminum_ore":32,"minecraft:diamond_sword":2213,"botania:pure_daisy":3,"exmachinis:flux_sieve":10,"mysticalagriculture:wood_seeds":7,"minecraft:oak_trapdoor":32,"enderio:clear_glass_d":69,"mekanism:cardboard_box":36,"occultism:demons_dream_essence":1,"minecraft:armor_stand":5,"exdeorum:crook":832,"minecraft:torch":3,"mcwfences:sandstone_grass_topped_wall":9,"allthecompressed:cobblestone_2x":1,"mekanism:osmium_compressor":1,"minecraft:mud_brick_stairs":2,"mysticalagriculture:infusion_pedestal":8,"enderio:enchanter":1,"sophisticatedstorage:basic_to_diamond_tier_upgrade":1,"integrateddynamics:menril_sapling":1,"allthecompressed:netherrack_1x":4,"sophisticatedstorage:copper_barrel":2,"minecraft:barrel":6,"constructionwand:diamond_wand":4,"botania:mana_pool":7,"modularrouters:distributor_module":2,"minecraft:wheat_seeds":1,"xycraft_machines:extractor":2,"botania:mana_spreader":7,"minecraft:gold_ore":9,"refinedstorage:pattern_grid":1,"minecraft:white_bed":15,"occultism:datura":4,"minecraft:diamond_pickaxe":1,"tombstone:magic_scroll":4,"mob_grinding_utils:absorption_hopper":4,"thermal:machine_smelter":4,"exdeorum:end_cake":1,"mysticalagriculture:soulium_block":2,"minecraft:enchanted_book":1,"thermal:device_hive_extractor":1,"create:redstone_link":8,"minecraft:polished_deepslate":6,"minecraft:melon":2,"minecraft:bone_block":1,"laserio:laser_connector_advanced":4,"refinedstorage:wrench":80,"refinedstorage:crafting_monitor":1,"sophisticatedstorage:storage_tool":27,"supplementaries:globe":1,"ars_nouveau:red_archwood_sapling":2,"mysticalagriculture:soulium_seeds":1,"occultism:sacrificial_bowl":4,"enderio:item_conduit":3,"mekanism:configuration_card":6,"minecraft:obsidian":26,"refinedstorage:controller":2,"integrateddynamics:squeezer":2,"mysticalagriculture:nether_quartz_seeds":6,"mekanism:alloy_reinforced":2,"mysticalagriculture:inferium_essence":33,"modularrouters:sender_module_2":1,"mysticalagriculture:prudentium_growth_accelerator":1,"mysticalagriculture:supremium_growth_accelerator":1,"pipez:item_pipe":35,"minecraft:gold_block":4,"pylons:harvester_pylon":2,"botania:brown_petal":10,"refinedstorage:destructor":16,"minecraft:wither_skeleton_skull":18,"minecraft:stone_pickaxe":68,"minecraft:oak_planks":32,"mob_grinding_utils:xp_tap":2,"minecraft:diamond_axe":122,"powah:reactor_blazing":1,"integrateddynamics:menril_log":12,"occultism:otherworld_sapling_natural":6,"laserio:laser_connector":12,"enderio:primitive_alloy_smelter":4,"minecraft:end_stone":27,"mekanism:superheating_element":6,"mob_grinding_utils:saw":2,"waystones:waystone":4,"minecraft:lever":16,"mekanism:crusher":3,"farmingforblockheads:red_fertilizer":80,"mekanism:metallurgic_infuser":8,"occultism:otherworld_essence":2,"exmachinis:flux_hammer":10,"functionalstorage:oak_1":9,"exdeorum:compressed_stone_hammer":1496,"modularrouters:puller_module_2":1,"create:vertical_gearbox":1,"botania:elven_spreader":9,"minecraft:bone_meal":32,"mekanism:advanced_tier_installer":10,"cookingforblockheads:sink":5,"powah:energizing_rod_spirited":5,"powah:reactor_nitro":2,"mekanism:enrichment_chamber":5,"cookingforblockheads:cow_jar":2,"exdeorum:mechanical_sieve":2,"minecraft:rose_bush":2,"mysticalagriculture:inferium_growth_accelerator":1,"mob_grinding_utils:jumbo_tank":3,"enderio:double_layer_capacitor":1,"minecraft:flint_and_steel":3,"minecraft:redstone":8,"create:orange_seat":2,"forcecraft:fortune_cookie":1,"thermal:device_rock_gen":6,"minecraft:cooked_chicken":6,"functionalstorage:configuration_tool":95,"bloodmagic:alchemytable":1,"minecraft:dirt":562,"functionalstorage:compacting_drawer":26,"minecraft:wooden_axe":177,"sophisticatedstorage:controller":1,"ars_nouveau:imbuement_chamber":6,"exdeorum:stone_hammer":44,"botania:shimmerrock":5,"minecraft:cooked_beef":29,"pipez:fluid_pipe":64,"fluxnetworks:flux_point":2,"mob_grinding_utils:xpsolidifier":2,"glassential:glass_dark_ethereal":9,"mob_grinding_utils:ender_inhibitor_off":2,"fluxnetworks:flux_controller":1,"botania:terra_plate":1,"mysticalagriculture:quartz_enriched_iron_seeds":3,"exdeorum:stone_barrel":5,"sophisticatedstorage:gold_barrel":6,"minecraft:wooden_hoe":6,"exdeorum:dust":576,"bloodmagic:arcaneashes":2,"powah:energizing_rod_niotic":5,"functionalstorage:oak_4":34,"craftingstation:crafting_station":1,"glassential:glass_light":7,"allthecompressed:end_stone_1x":12,"enderio:alloy_smelter":1,"minecraft:pink_petals":4,"powah:energizing_rod_basic":4,"hostilenetworks:loot_fabricator":2,"minecraft:lapis_block":4,"pipez:energy_pipe":34,"mekanism:ultimate_tier_installer":10,"bloodmagic:blankrune":20,"botania:white_petal":10,"rftoolsutility:sequencer":2,"minecraft:chest":38,"pickletweaks:diamond_paxel":1801,"bloodmagic:selfsacrificerune":4,"botania:livingwood":12,"constructionwand:iron_wand":58,"chipped:alchemy_bench":1,"refinedstorage:wireless_transmitter":1,"glassential:glass_dark_ethereal_reverse":19,"integrateddynamics:mechanical_squeezer":8,"botania:black_petal":4,"chipped:sliding_dark_oak_door":1,"minecraft:grass_block":140,"itemcollectors:basic_collector":1,"minecraft:copper_ore":49,"refinedstorage:external_storage":9,"create:andesite_funnel":8,"ironfurnaces:iron_furnace":2,"minecraft:furnace":2,"minecraft:egg":25,"minecraft:dragon_head":1,"botania:livingrock":7,"utilitix:linked_repeater":5,"powah:magmator_basic":5,"minecraft:blue_ice":4,"mythicbotany:wither_aconite":2,"botania:mana_distributor":1,"sophisticatedstorage:iron_to_diamond_tier_upgrade":1,"chipped:cut_cobblestone_column":304,"mob_grinding_utils:ender_inhibitor_on":3,"minecraft:stone_button":1,"sophisticatedstorage:gold_to_diamond_tier_upgrade":1,"minecraft:wooden_sword":32,"exdeorum:oak_crucible":2,"mob_grinding_utils:fan":6,"mysticalagriculture:enchanter":1,"powah:energizing_orb":2,"refinedstorage:wireless_crafting_monitor":1,"farmingforblockheads:market":1,"botania:spark":9,"minecraft:anvil":1,"minecraft:chorus_flower":3,"sophisticatedstorage:iron_barrel":2,"cobblefordays:tier_4":4,"supplementaries:pedestal":1,"supplementaries:globe_sepia":2,"create:wrench":15,"create:gearbox":1,"utilitarian:snad":3,"mysticalagriculture:tertium_growth_accelerator":1,"minecraft:mud_bricks":2,"refinedstorageaddons:wireless_crafting_grid":1,"minecraft:glowstone":4,"refinedstorage:crafter":27,"mekanism:upgrade_energy":10,"mysticalagriculture:stone_seeds":3,"tombstone:gift":6,"bloodmagic:incensealtar":1,"mob_grinding_utils:golden_egg":1,"exdeorum:oak_sieve":18,"minecraft:water_bucket":99,"bloodmagic:speedrune":10,"botania:endoflame":8,"thermal:machine_pulverizer":4,"integrateddynamics:drying_basin":3,"pickletweaks:stone_paxel":350,"mysticalagriculture:imperium_essence":1,"minecraft:comparator":4,"create:encased_fan":3,"powah:energizing_rod_blazing":5,"laserio:laser_node":15,"botania:apothecary_default":1,"minecraft:oak_log":85,"mysticalagriculture:dirt_seeds":5,"minecraft:iron_pickaxe":191,"allthecompressed:sand_1x":173,"supplementaries:wrench":46,"allthecompressed:gravel_1x":335,"refinedstorage:crafting_grid":1,"create:water_wheel":2,"xnet:redstone_proxy":1,"sophisticatedstorage:barrel":4,"occultism:candle_white":4,"minecraft:cobblestone":140,"occultism:golden_sacrificial_bowl":1,"projecte:condenser_mk1":2,"botania:glimmering_livingwood_log":3,"minecraft:shield":22,"minecraft:iron_sword":232,"mysticalagriculture:infusion_altar":1,"allthecompressed:cobblestone_1x":887,"enderio:vacuum_chest":5,"simplemagnets:advanced_demagnetization_coil":3,"functionalstorage:oak_2":40,"mekanism:basic_universal_cable":13,"mysticalagriculture:inferium_seeds":117,"sophisticatedbackpacks:diamond_backpack":2,"minecraft:glass":42,"mekanismgenerators:wind_generator":9,"refinedstorage:importer":31,"mekanism:basic_tier_installer":10,"mob_grinding_utils:tank_sink":1,"minecraft:stone_bricks":4,"minecraft:repeater":2,"minecraft:bedrock":1,"mcwfurnitures:mangrove_stool_chair":1,"farmersdelight:cutting_board":1,"powah:reactor_niotic":1,"botania:natura_pylon":2,"minecraft:redstone_lamp":1,"minecraft:beetroot_seeds":1,"refinedstorage:disk_drive":1,"botania:runic_altar":3,"extrastorage:gold_crafter":5,"rsrequestify:requester":2,"minecraft:ender_pearl":2,"powah:energy_cable_blazing":25,"alltheores:nickel_ore":32,"cookingforblockheads:milk_jar":2,"botania:fertilizer":21,"functionalstorage:storage_controller":4,"rftoolsbase:smartwrench":1,"minecraft:redstone_torch":9,"mythicbotany:mana_infuser":1,"sophisticatedstorage:iron_to_gold_tier_upgrade":3,"exdeorum:oak_barrel":9,"mekanism:elite_tier_installer":10,"cobblefordays:tier_3":2,"mekanism:upgrade_speed":10,"powah:magmator_hardened":5,"minecraft:gravel":1732,"croptopia:toast":42,"enderio:basic_capacitor":1,"bloodmagic:altar":1,"exdeorum:crushed_end_stone":99,"exdeorum:mycelium_spores":1,"xycraft_machines:stake":9,"modularrouters:modular_router":15,"allthecompressed:oak_log_1x":8,"hostilenetworks:deep_learner":5,"minecraft:oak_fence":3,"minecraft:purpur_block":1,"powah:ender_cell_blazing":8,"minecraft:stone_shovel":31,"botania:open_crate":8,"minecraft:hopper":5,"extrastorage:diamond_crafter":4,"alltheores:osmium_ore":39,"botania:twig_wand":116,"exdeorum:silk_worm":1,"mekanism:alloy_infused":1,"functionalstorage:simple_compacting_drawer":11,"mysticalagriculture:imperium_growth_accelerator":1,"itemcollectors:advanced_collector":10,"mob_grinding_utils:rotten_egg":1,"mekanism:alloy_atomic":2,"exdeorum:porcelain_crucible":6,"integrateddynamics:mechanical_drying_basin":1,"thermal:device_collector":2,"thermal:machine_press":1,"minecraft:iron_ore":233,"minecraft:glass_bottle":64,"ironfurnaces:allthemodium_furnace":1,"chipped:mason_table":4,"exdeorum:crushed_blackstone":540,"constructionwand:stone_wand":218,"powah:ender_gate_blazing":85,"powah:energizing_rod_hardened":4,"refinedstorage:cable":278,"sophisticatedstorage:copper_to_iron_tier_upgrade":1,"exdeorum:mechanical_hammer":2,"refinedstorage:constructor":19,"botania:floating_endoflame":5,"simplemagnets:basic_demagnetization_coil":7,"enderio:slice_and_splice":1,"ironfurnaces:emerald_furnace":2,"minecraft:bucket":108,"create:pulse_repeater":4}},"DataVersion":3465}