{"stats":{"minecraft:mined":{"minecraft:green_bed":2,"minecraft:sand":3},"minecraft:killed_by":{"minecraft:husk":1},"minecraft:custom":{"minecraft:jump":30,"minecraft:time_since_rest":4027,"minecraft:damage_dealt":62,"minecraft:deaths":1,"minecraft:sprint_one_cm":5554,"minecraft:play_time":9151,"minecraft:damage_taken":255,"minecraft:time_since_death":4000,"minecraft:walk_one_cm":9381,"minecraft:sleep_in_bed":1,"minecraft:total_world_time":9151,"minecraft:fall_one_cm":836,"minecraft:fly_one_cm":10533},"minecraft:used":{"minecraft:green_bed":1},"minecraft:picked_up":{"minecraft:sand":3,"minecraft:bone":2,"minecraft:green_bed":2}},"DataVersion":3465}