{"stats":{"minecraft:crafted":{"minecraft:oak_planks":16,"minecraft:stone_axe":1,"minecraft:crafting_table":1,"minecraft:stick":4,"minecraft:stone_pickaxe":1,"minecraft:wooden_pickaxe":1},"minecraft:mined":{"minecraft:grass_block":2,"minecraft:oak_log":10,"minecraft:brown_mushroom":4,"minecraft:dirt":13,"minecraft:stone":13,"minecraft:oak_leaves":2},"minecraft:used":{"minecraft:stone_axe":7,"minecraft:dirt":5,"minecraft:crafting_table":2,"minecraft:oak_sapling":4,"minecraft:wooden_pickaxe":34},"minecraft:custom":{"minecraft:time_since_rest":10819,"minecraft:play_time":10819,"minecraft:sprint_one_cm":1744,"minecraft:damage_taken":165,"minecraft:walk_one_cm":13930,"minecraft:jump":23,"minecraft:damage_dealt":207,"minecraft:time_since_death":10819,"minecraft:walk_on_water_one_cm":722,"minecraft:total_world_time":10819,"minecraft:interact_with_crafting_table":2,"minecraft:fall_one_cm":269,"minecraft:fly_one_cm":694},"minecraft:picked_up":{"minecraft:stick":2,"minecraft:crafting_table":1,"minecraft:rotten_flesh":1,"minecraft:brown_mushroom":4,"minecraft:oak_log":10,"minecraft:oak_sapling":4,"minecraft:dirt":12,"minecraft:cobblestone":13}},"DataVersion":3465}