{"stats":{"minecraft:killed":{"minecraft:sheep":4,"minecraft:skeleton":1,"minecraft:chicken":3,"minecraft:cow":8},"minecraft:dropped":{"minecraft:oak_door":2,"minecraft:stone_axe":1,"minecraft:cooked_beef":3,"minecraft:cooked_chicken":4,"minecraft:oak_log":10,"minecraft:cobblestone":32,"minecraft:oak_planks":24,"minecraft:white_bed":1,"minecraft:stone_pickaxe":1,"minecraft:white_wool":4},"minecraft:mined":{"minecraft:brown_mushroom":11,"minecraft:white_bed":1,"minecraft:oak_door":1,"minecraft:dandelion":1,"minecraft:crafting_table":4,"minecraft:grass_block":2,"minecraft:sugar_cane":7,"minecraft:furnace":1,"minecraft:pumpkin":10,"minecraft:yellow_bed":1,"minecraft:grass":2,"minecraft:oak_log":41,"minecraft:dirt":22,"minecraft:stone":160,"minecraft:oak_leaves":4},"minecraft:crafted":{"minecraft:cooked_beef":6,"minecraft:oak_planks":36,"minecraft:crafting_table":2,"minecraft:wooden_pickaxe":1,"minecraft:cooked_chicken":3,"minecraft:furnace":1,"minecraft:yellow_bed":1,"minecraft:stone_axe":2,"minecraft:air":0,"minecraft:oak_boat":1,"minecraft:yellow_dye":1,"minecraft:stick":8,"minecraft:stone_pickaxe":2,"minecraft:stone_sword":1},"minecraft:used":{"minecraft:stone_sword":3,"minecraft:stone_pickaxe":134,"minecraft:wooden_pickaxe":50,"minecraft:brown_mushroom":1,"minecraft:dirt":6,"minecraft:crafting_table":6,"minecraft:red_bed":1,"minecraft:stone_axe":77,"minecraft:furnace":2,"minecraft:oak_sapling":4,"minecraft:yellow_bed":1,"minecraft:oak_boat":1,"minecraft:cooked_beef":3},"minecraft:custom":{"minecraft:interact_with_furnace":11,"minecraft:mob_kills":16,"minecraft:interact_with_crafting_table":7,"minecraft:time_since_death":46819,"minecraft:sleep_in_bed":3,"minecraft:climb_one_cm":854,"minecraft:time_since_rest":3213,"minecraft:sprint_one_cm":94074,"minecraft:damage_taken":275,"minecraft:walk_one_cm":114790,"minecraft:drop":24,"minecraft:damage_dealt":1598,"minecraft:swim_one_cm":47107,"minecraft:fly_one_cm":63104,"minecraft:open_chest":1,"minecraft:play_time":46819,"minecraft:sneak_time":771,"minecraft:walk_under_water_one_cm":12378,"minecraft:boat_one_cm":22267,"minecraft:jump":379,"minecraft:walk_on_water_one_cm":6677,"minecraft:total_world_time":46819,"minecraft:fall_one_cm":3657},"minecraft:picked_up":{"minecraft:crafting_table":5,"minecraft:feather":1,"minecraft:chicken":3,"minecraft:leather":10,"minecraft:brown_mushroom":11,"minecraft:wooden_pickaxe":1,"minecraft:oak_log":41,"minecraft:lily_pad":1,"minecraft:yellow_bed":1,"minecraft:dirt":21,"minecraft:red_bed":1,"minecraft:bone":2,"minecraft:apple":2,"minecraft:beef":15,"minecraft:stone_pickaxe":1,"minecraft:cooked_chicken":1,"minecraft:sugar_cane":25,"minecraft:oak_planks":52,"minecraft:furnace":2,"minecraft:stick":19,"minecraft:oak_door":2,"minecraft:pumpkin":10,"minecraft:torch":21,"minecraft:dandelion":1,"minecraft:white_bed":2,"minecraft:arrow":2,"minecraft:rotten_flesh":1,"minecraft:oak_sapling":18,"minecraft:mutton":15,"minecraft:white_wool":5,"minecraft:cobblestone":112},"minecraft:broken":{"minecraft:stone_pickaxe":1}},"DataVersion":3465}