{"stats":{"minecraft:picked_up":{"everlastingabilities:ability_bottle":1,"minecraft:rose_bush":1,"minecraft:emerald":64,"minecraft:sunflower":1},"minecraft:dropped":{"minecraft:rose_bush":1},"minecraft:custom":{"minecraft:open_barrel":1,"minecraft:time_since_rest":14989,"minecraft:open_chest":1,"minecraft:crouch_one_cm":414,"minecraft:play_time":22582,"minecraft:sprint_one_cm":3371,"minecraft:walk_one_cm":96883,"minecraft:damage_taken":28850,"minecraft:deaths":1,"minecraft:sneak_time":100,"minecraft:drop":1,"minecraft:jump":3,"minecraft:damage_dealt":118,"minecraft:time_since_death":15481,"minecraft:walk_on_water_one_cm":248,"minecraft:total_world_time":22582,"minecraft:fall_one_cm":286539,"minecraft:fly_one_cm":41975},"minecraft:mined":{"minecraft:rose_bush":1,"minecraft:sunflower":1}},"DataVersion":3465}