{"stats":{"minecraft:picked_up":{"minecraft:rose_bush":1,"everlastingabilities:ability_bottle":1,"minecraft:emerald":64,"minecraft:sunflower":1},"minecraft:dropped":{"minecraft:iron_ingot":10,"minecraft:iron_sword":1,"forbidden_arcanus:zombie_arm":1,"minecraft:gunpowder":15,"minecraft:dragon_head":1,"minecraft:diamond_chestplate":1,"minecraft:blaze_rod":79,"minecraft:torch":1,"minecraft:nether_star":1,"minecraft:rose_bush":1,"minecraft:diamond_leggings":1,"minecraft:netherite_boots":1,"minecraft:netherite_axe":1,"minecraft:iron_helmet":1,"tombstone:grave_dust":1,"minecraft:rotten_flesh":15,"minecraft:wither_skeleton_skull":4,"minecraft:spider_eye":5,"minecraft:sunflower":1,"minecraft:bow":1,"minecraft:iron_pickaxe":1,"exdeorum:wooden_watering_can":1,"minecraft:string":10,"ftbquests:book":1,"everlastingabilities:ability_bottle":1,"minecraft:coal":6,"minecraft:gold_ingot":5,"minecraft:bone":15,"minecraft:emerald":128},"minecraft:custom":{"minecraft:time_since_rest":17812,"minecraft:sprint_one_cm":21487,"minecraft:damage_taken":29380,"minecraft:walk_one_cm":184589,"minecraft:drop":283,"minecraft:damage_dealt":118,"minecraft:talked_to_villager":2,"minecraft:fly_one_cm":44135,"minecraft:open_barrel":11,"minecraft:open_chest":9,"minecraft:crouch_one_cm":1589,"minecraft:play_time":46582,"minecraft:deaths":2,"minecraft:sneak_time":897,"minecraft:jump":18,"minecraft:walk_on_water_one_cm":248,"minecraft:time_since_death":18352,"minecraft:sleep_in_bed":1,"minecraft:total_world_time":46582,"minecraft:fall_one_cm":327436},"minecraft:mined":{"mob_grinding_utils:xp_tap":1,"minecraft:grass_block":1,"minecraft:rose_bush":1,"minecraft:sunflower":1,"minecraft:frosted_ice":2},"minecraft:used":{"supplementaries:pedestal":1,"minecraft:grass_block":6,"minecraft:bread":1,"minecraft:netherite_axe":1,"minecraft:ender_pearl":21,"tombstone:gift":1}},"DataVersion":3465}