{"stats":{"minecraft:picked_up":{"everlastingabilities:ability_bottle":1,"minecraft:rose_bush":1,"minecraft:emerald":64,"minecraft:sunflower":1},"minecraft:dropped":{"forbidden_arcanus:zombie_arm":1,"minecraft:rose_bush":1},"minecraft:custom":{"minecraft:open_barrel":11,"minecraft:time_since_rest":5812,"minecraft:open_chest":5,"minecraft:crouch_one_cm":414,"minecraft:play_time":34582,"minecraft:sprint_one_cm":16754,"minecraft:walk_one_cm":161240,"minecraft:damage_taken":29218,"minecraft:deaths":2,"minecraft:sneak_time":182,"minecraft:drop":2,"minecraft:jump":17,"minecraft:damage_dealt":118,"minecraft:time_since_death":6352,"minecraft:walk_on_water_one_cm":248,"minecraft:sleep_in_bed":1,"minecraft:total_world_time":34582,"minecraft:talked_to_villager":2,"minecraft:fall_one_cm":287729,"minecraft:fly_one_cm":43870},"minecraft:mined":{"mob_grinding_utils:xp_tap":1,"minecraft:rose_bush":1,"minecraft:sunflower":1},"minecraft:used":{"minecraft:netherite_axe":1,"tombstone:gift":1,"minecraft:ender_pearl":11}},"DataVersion":3465}