{"stats":{"minecraft:killed":{"minecraft:sheep":3,"minecraft:zombie":1,"minecraft:spider":1,"minecraft:cow":1},"minecraft:dropped":{"minecraft:wooden_pickaxe":1},"minecraft:mined":{"minecraft:furnace":1,"minecraft:oak_door":1,"minecraft:crafting_table":4,"minecraft:grass":1,"minecraft:oak_log":6,"minecraft:vine":2,"minecraft:dirt":2,"minecraft:stone":22,"minecraft:oak_leaves":3},"minecraft:crafted":{"minecraft:oak_door":3,"minecraft:oak_planks":24,"minecraft:charcoal":6,"minecraft:stick":16,"minecraft:wooden_pickaxe":1,"minecraft:stone_pickaxe":1,"minecraft:wooden_axe":1,"minecraft:white_bed":1,"minecraft:torch":24,"minecraft:stone_axe":1},"minecraft:used":{"minecraft:wooden_axe":22,"minecraft:stone_pickaxe":1,"minecraft:wooden_pickaxe":22,"minecraft:stone_axe":7,"minecraft:oak_door":1,"minecraft:torch":2,"minecraft:dirt":2,"minecraft:crafting_table":3,"minecraft:oak_sapling":1,"minecraft:furnace":1},"minecraft:custom":{"minecraft:time_since_rest":16795,"minecraft:interact_with_furnace":2,"minecraft:sprint_one_cm":24554,"minecraft:damage_taken":40,"minecraft:walk_one_cm":33777,"minecraft:mob_kills":6,"minecraft:drop":1,"minecraft:damage_dealt":601,"minecraft:interact_with_crafting_table":6,"minecraft:fly_one_cm":4876,"minecraft:play_time":16795,"minecraft:jump":111,"minecraft:walk_on_water_one_cm":4984,"minecraft:time_since_death":16795,"minecraft:climb_one_cm":1177,"minecraft:total_world_time":16795,"minecraft:fall_one_cm":1319},"minecraft:picked_up":{"minecraft:cooked_beef":3,"minecraft:stick":4,"minecraft:crafting_table":3,"minecraft:oak_door":1,"minecraft:wooden_pickaxe":1,"minecraft:oak_log":6,"minecraft:string":1,"minecraft:dirt":5,"minecraft:beef":2,"minecraft:cooked_chicken":2,"minecraft:oak_sapling":1,"minecraft:mutton":6,"minecraft:white_wool":3,"minecraft:cobblestone":70,"minecraft:furnace":1}},"DataVersion":3465}