{"stats":{"minecraft:killed":{"minecraft:spider":3,"minecraft:sheep":5,"minecraft:zombie":1,"minecraft:cow":1},"minecraft:dropped":{"minecraft:wooden_pickaxe":1},"minecraft:killed_by":{"minecraft:creeper":1},"minecraft:crafted":{"minecraft:red_dye":1,"minecraft:oak_door":3,"minecraft:oak_planks":64,"minecraft:crafting_table":1,"minecraft:wooden_pickaxe":1,"minecraft:red_bed":1,"minecraft:stone_axe":1,"minecraft:oak_boat":1,"minecraft:charcoal":6,"minecraft:shield":1,"minecraft:stick":16,"minecraft:iron_ingot":1,"minecraft:stone_pickaxe":1,"minecraft:wooden_axe":1,"minecraft:white_bed":2,"minecraft:torch":24},"minecraft:mined":{"minecraft:podzol":5,"minecraft:oak_slab":5,"minecraft:spruce_planks":2,"minecraft:white_bed":1,"minecraft:red_bed":4,"minecraft:oak_door":1,"minecraft:crafting_table":8,"minecraft:spruce_fence":1,"minecraft:grass_block":4,"minecraft:poppy":1,"minecraft:chest":1,"minecraft:lily_pad":1,"minecraft:oak_planks":5,"minecraft:large_fern":4,"minecraft:spruce_stairs":2,"minecraft:coarse_dirt":2,"minecraft:furnace":2,"minecraft:grass":3,"minecraft:coal_ore":2,"minecraft:oak_log":6,"minecraft:vine":3,"minecraft:sand":5,"minecraft:dirt":2,"minecraft:stone":22,"minecraft:oak_leaves":15,"minecraft:fern":3},"minecraft:used":{"minecraft:stone_pickaxe":16,"minecraft:wooden_pickaxe":22,"minecraft:cooked_chicken":2,"minecraft:oak_door":2,"minecraft:torch":5,"minecraft:dirt":2,"minecraft:crafting_table":6,"minecraft:red_bed":4,"minecraft:white_bed":2,"minecraft:wooden_axe":23,"minecraft:stone_axe":45,"minecraft:furnace":1,"minecraft:oak_sapling":1,"minecraft:oak_boat":1,"minecraft:egg":1},"minecraft:custom":{"minecraft:interact_with_furnace":2,"minecraft:mob_kills":10,"minecraft:interact_with_crafting_table":12,"minecraft:leave_game":1,"minecraft:time_since_death":534,"minecraft:sleep_in_bed":2,"minecraft:climb_one_cm":6199,"minecraft:time_since_rest":563,"minecraft:sprint_one_cm":89706,"minecraft:damage_taken":520,"minecraft:walk_one_cm":122346,"minecraft:drop":1,"minecraft:damage_dealt":1102,"minecraft:swim_one_cm":28130,"minecraft:fly_one_cm":16517,"minecraft:open_chest":4,"minecraft:crouch_one_cm":590,"minecraft:play_time":52884,"minecraft:deaths":2,"minecraft:sneak_time":497,"minecraft:walk_under_water_one_cm":11442,"minecraft:boat_one_cm":45359,"minecraft:jump":488,"minecraft:walk_on_water_one_cm":23653,"minecraft:total_world_time":52884,"minecraft:fall_one_cm":8105},"minecraft:broken":{"minecraft:stone_axe":1},"minecraft:picked_up":{"minecraft:coarse_dirt":1,"minecraft:crafting_table":7,"minecraft:cooked_beef":9,"minecraft:wooden_pickaxe":1,"minecraft:oak_log":16,"minecraft:lily_pad":1,"minecraft:dirt":16,"minecraft:string":1,"minecraft:red_bed":3,"minecraft:beef":6,"minecraft:stone_pickaxe":1,"minecraft:cooked_chicken":4,"minecraft:poppy":1,"minecraft:chest":1,"minecraft:oak_planks":39,"minecraft:furnace":1,"minecraft:egg":2,"minecraft:oak_slab":5,"minecraft:stick":6,"minecraft:oak_door":2,"minecraft:torch":2,"minecraft:spruce_stairs":1,"minecraft:spruce_fence":1,"minecraft:sand":9,"minecraft:white_bed":2,"minecraft:spider_eye":1,"minecraft:stone_axe":1,"minecraft:oak_sapling":2,"minecraft:mutton":9,"minecraft:coal":2,"minecraft:white_wool":9,"minecraft:cobblestone":102}},"DataVersion":3465}