{"stats":{"minecraft:killed":{"minecraft:sheep":5,"minecraft:zombie":1,"minecraft:spider":1,"minecraft:cow":1},"minecraft:dropped":{"minecraft:wooden_pickaxe":1},"minecraft:mined":{"minecraft:white_bed":1,"minecraft:furnace":2,"minecraft:oak_door":1,"minecraft:crafting_table":5,"minecraft:grass":1,"minecraft:grass_block":2,"minecraft:oak_log":6,"minecraft:vine":2,"minecraft:dirt":2,"minecraft:stone":22,"minecraft:lily_pad":1,"minecraft:oak_leaves":6},"minecraft:crafted":{"minecraft:oak_door":3,"minecraft:oak_planks":64,"minecraft:charcoal":6,"minecraft:stick":16,"minecraft:wooden_pickaxe":1,"minecraft:stone_pickaxe":1,"minecraft:wooden_axe":1,"minecraft:white_bed":2,"minecraft:torch":24,"minecraft:stone_axe":1},"minecraft:used":{"minecraft:wooden_axe":23,"minecraft:stone_pickaxe":8,"minecraft:wooden_pickaxe":22,"minecraft:cooked_chicken":1,"minecraft:stone_axe":11,"minecraft:oak_door":2,"minecraft:torch":5,"minecraft:dirt":2,"minecraft:crafting_table":3,"minecraft:oak_sapling":1,"minecraft:furnace":1,"minecraft:egg":1,"minecraft:white_bed":2},"minecraft:custom":{"minecraft:time_since_rest":2136,"minecraft:interact_with_furnace":2,"minecraft:sprint_one_cm":51508,"minecraft:damage_taken":230,"minecraft:walk_one_cm":50664,"minecraft:mob_kills":8,"minecraft:drop":1,"minecraft:damage_dealt":760,"minecraft:swim_one_cm":11835,"minecraft:interact_with_crafting_table":8,"minecraft:fly_one_cm":12861,"minecraft:play_time":28795,"minecraft:deaths":1,"minecraft:sneak_time":94,"minecraft:walk_under_water_one_cm":9234,"minecraft:jump":238,"minecraft:walk_on_water_one_cm":13598,"minecraft:time_since_death":2107,"minecraft:sleep_in_bed":1,"minecraft:climb_one_cm":5715,"minecraft:total_world_time":28795,"minecraft:fall_one_cm":4046},"minecraft:picked_up":{"minecraft:cooked_beef":9,"minecraft:stick":6,"minecraft:crafting_table":4,"minecraft:oak_door":2,"minecraft:torch":2,"minecraft:wooden_pickaxe":1,"minecraft:oak_log":16,"minecraft:lily_pad":1,"minecraft:white_bed":1,"minecraft:string":1,"minecraft:dirt":7,"minecraft:beef":6,"minecraft:cooked_chicken":2,"minecraft:oak_sapling":2,"minecraft:mutton":9,"minecraft:oak_planks":10,"minecraft:egg":2,"minecraft:white_wool":9,"minecraft:cobblestone":70,"minecraft:furnace":1}},"DataVersion":3465}