{"stats":{"minecraft:killed":{"minecraft:spider":3,"minecraft:sheep":5,"minecraft:zombie":1,"minecraft:cow":1},"minecraft:dropped":{"minecraft:wooden_pickaxe":1},"minecraft:mined":{"minecraft:white_bed":1,"minecraft:red_bed":3,"minecraft:oak_door":1,"minecraft:crafting_table":7,"minecraft:grass_block":4,"minecraft:poppy":1,"minecraft:chest":1,"minecraft:lily_pad":1,"minecraft:furnace":2,"minecraft:grass":2,"minecraft:oak_log":6,"minecraft:vine":3,"minecraft:dirt":2,"minecraft:stone":22,"minecraft:oak_leaves":15},"minecraft:crafted":{"minecraft:red_dye":1,"minecraft:oak_door":3,"minecraft:oak_planks":64,"minecraft:crafting_table":1,"minecraft:wooden_pickaxe":1,"minecraft:red_bed":1,"minecraft:stone_axe":1,"minecraft:charcoal":6,"minecraft:shield":1,"minecraft:stick":16,"minecraft:iron_ingot":1,"minecraft:stone_pickaxe":1,"minecraft:wooden_axe":1,"minecraft:white_bed":2,"minecraft:torch":24},"minecraft:used":{"minecraft:stone_pickaxe":8,"minecraft:wooden_pickaxe":22,"minecraft:cooked_chicken":2,"minecraft:oak_door":2,"minecraft:torch":5,"minecraft:dirt":2,"minecraft:crafting_table":5,"minecraft:red_bed":2,"minecraft:white_bed":2,"minecraft:wooden_axe":23,"minecraft:stone_axe":35,"minecraft:furnace":1,"minecraft:oak_sapling":1,"minecraft:egg":1},"minecraft:custom":{"minecraft:interact_with_furnace":2,"minecraft:mob_kills":10,"minecraft:interact_with_crafting_table":11,"minecraft:time_since_death":14107,"minecraft:sleep_in_bed":2,"minecraft:climb_one_cm":6199,"minecraft:time_since_rest":3213,"minecraft:sprint_one_cm":67924,"minecraft:damage_taken":370,"minecraft:walk_one_cm":74387,"minecraft:drop":1,"minecraft:damage_dealt":1087,"minecraft:swim_one_cm":28130,"minecraft:fly_one_cm":14837,"minecraft:open_chest":2,"minecraft:crouch_one_cm":115,"minecraft:play_time":40795,"minecraft:deaths":1,"minecraft:sneak_time":190,"minecraft:walk_under_water_one_cm":11442,"minecraft:jump":333,"minecraft:walk_on_water_one_cm":22366,"minecraft:total_world_time":40795,"minecraft:fall_one_cm":5711},"minecraft:picked_up":{"minecraft:crafting_table":6,"minecraft:cooked_beef":9,"minecraft:wooden_pickaxe":1,"minecraft:oak_log":16,"minecraft:lily_pad":1,"minecraft:dirt":9,"minecraft:string":1,"minecraft:red_bed":2,"minecraft:beef":6,"minecraft:stone_pickaxe":1,"minecraft:cooked_chicken":4,"minecraft:poppy":1,"minecraft:chest":1,"minecraft:oak_planks":34,"minecraft:furnace":1,"minecraft:egg":2,"minecraft:stick":6,"minecraft:oak_door":2,"minecraft:torch":2,"minecraft:white_bed":2,"minecraft:spider_eye":1,"minecraft:stone_axe":1,"minecraft:oak_sapling":2,"minecraft:mutton":9,"minecraft:white_wool":9,"minecraft:cobblestone":102}},"DataVersion":3465}