{"stats":{"minecraft:killed":{"minecraft:spider":1,"minecraft:zombie":1},"minecraft:mined":{"minecraft:oak_log":5,"minecraft:vine":2,"minecraft:dirt":2,"minecraft:oak_leaves":3,"minecraft:crafting_table":1},"minecraft:crafted":{"minecraft:oak_door":3,"minecraft:oak_planks":20,"minecraft:stick":4,"minecraft:wooden_pickaxe":1,"minecraft:wooden_axe":1},"minecraft:used":{"minecraft:oak_door":1,"minecraft:wooden_axe":14,"minecraft:dirt":2},"minecraft:custom":{"minecraft:time_since_rest":4795,"minecraft:sprint_one_cm":2301,"minecraft:play_time":4795,"minecraft:damage_taken":10,"minecraft:walk_one_cm":7750,"minecraft:mob_kills":2,"minecraft:jump":25,"minecraft:damage_dealt":174,"minecraft:time_since_death":4795,"minecraft:walk_on_water_one_cm":2833,"minecraft:total_world_time":4795,"minecraft:climb_one_cm":644,"minecraft:interact_with_crafting_table":2,"minecraft:fall_one_cm":335,"minecraft:fly_one_cm":54},"minecraft:picked_up":{"minecraft:stick":2,"minecraft:oak_log":5,"minecraft:dirt":5,"minecraft:string":1}},"DataVersion":3465}