{"stats":{"minecraft:picked_up":{"croptopia:toast":7,"minecraft:wheat":2,"powah:capacitor_basic_tiny":2,"thermal:energy_duct":4,"minecraft:leather":1,"ars_nouveau:blue_archwood_sapling":1,"minecraft:enchanted_book":1,"xycraft_world:xychorium_storage_green":10,"minecraft:oak_log":2,"refinedstorage:regulator_upgrade":1,"minecraft:wither_skeleton_skull":1,"refinedstorage:improved_processor":14,"exdeorum:grass_seeds":2,"fluxnetworks:flux_point":2,"pipez:advanced_upgrade":1,"xycraft_world:xychorium_storage_dark":5,"refinedstorage:crafting_upgrade":2,"alltheores:constantan_ingot":1,"cobblefordays:tier_1":1,"powah:capacitor_basic":2,"minecraft:iron_ingot":4,"minecraft:iron_ore":2,"minecraft:rose_bush":1,"minecraft:redstone_torch":2,"refinedstorage:cable":18,"refinedstorage:basic_processor":41,"refinedstorage:range_upgrade":2,"minecraft:chest":11,"minecraft:sugar_cane":3,"pipez:improved_upgrade":1,"mekanism:ingot_steel":2,"apotheosis:gem":1,"minecraft:cooked_porkchop":8,"patchouli:guide_book":1,"mysticalagriculture:prosperity_shard":4,"refinedstorage:quartz_enriched_iron":25,"minecraft:cake":1,"refinedstorage:pattern":24,"projecte:medium_covalence_dust":4,"minecraft:redstone":8,"xycraft_world:xychorium_storage_red":5,"powah:dielectric_rod_horizontal":14,"minecraft:sugar":2,"minecraft:diamond":1,"exmachinis:gold_upgrade":1,"croptopia:fried_chicken":1,"minecraft:iron_block":1,"everlastingabilities:ability_bottle":1,"xycraft_world:xychorium_storage_blue":5,"minecraft:emerald":65,"minecraft:obsidian":2,"alltheores:raw_osmium":2,"mysticalagriculture:prudentium_essence":4,"minecraft:blaze_rod":1,"minecraft:blaze_powder":1,"minecraft:netherrack":1,"minecraft:white_wool":1,"ae2:silicon":20,"minecraft:sunflower":1},"minecraft:crafted":{"minecraft:oak_planks":8,"minecraft:crafting_table":2,"minecraft:bone_meal":3,"minecraft:diamond_helmet":1,"minecraft:iron_boots":1},"minecraft:custom":{"minecraft:interact_with_furnace":2,"minecraft:interact_with_crafting_table":5,"minecraft:open_barrel":16,"minecraft:eat_cake_slice":4,"minecraft:time_since_death":42352,"minecraft:sleep_in_bed":1,"minecraft:time_since_rest":41812,"minecraft:sprint_one_cm":23245,"minecraft:damage_taken":29520,"minecraft:walk_one_cm":235521,"minecraft:drop":310,"minecraft:damage_dealt":118,"minecraft:talked_to_villager":2,"minecraft:fly_one_cm":45971,"minecraft:open_chest":40,"minecraft:crouch_one_cm":2475,"minecraft:play_time":70582,"minecraft:deaths":2,"minecraft:sneak_time":1747,"minecraft:jump":33,"minecraft:walk_on_water_one_cm":248,"minecraft:total_world_time":70582,"minecraft:fall_one_cm":327436},"minecraft:dropped":{"minecraft:iron_ingot":10,"minecraft:iron_sword":1,"refinedstorage:crafting_upgrade":1,"minecraft:dragon_head":1,"croptopia:toast":7,"refinedstorage:range_upgrade":1,"minecraft:blaze_rod":79,"minecraft:diamond":1,"minecraft:nether_star":1,"minecraft:wheat":1,"minecraft:diamond_leggings":1,"minecraft:netherite_axe":1,"minecraft:iron_helmet":1,"minecraft:rotten_flesh":15,"minecraft:wither_skeleton_skull":4,"xycraft_world:xychorium_storage_green":5,"everlastingabilities:ability_bottle":1,"minecraft:coal":6,"refinedstorage:cable":7,"minecraft:emerald":128,"forbidden_arcanus:zombie_arm":1,"minecraft:gunpowder":15,"minecraft:diamond_chestplate":1,"minecraft:torch":1,"minecraft:rose_bush":1,"minecraft:netherite_boots":1,"minecraft:chest":1,"tombstone:grave_dust":1,"minecraft:spider_eye":5,"minecraft:sunflower":1,"minecraft:bow":1,"minecraft:sugar":1,"minecraft:iron_pickaxe":1,"minecraft:string":10,"exdeorum:wooden_watering_can":1,"ftbquests:book":1,"minecraft:bone":15,"minecraft:gold_ingot":5,"minecraft:redstone":8},"minecraft:mined":{"minecraft:grass_block":1,"minecraft:rose_bush":1,"minecraft:frosted_ice":2,"mob_grinding_utils:xp_tap":1,"minecraft:oak_log":2,"minecraft:sunflower":1,"ars_nouveau:blue_archwood_sapling":1,"minecraft:oak_leaves":5},"minecraft:used":{"ars_nouveau:blue_archwood_sapling":1,"minecraft:ender_pearl":21,"minecraft:chest":10,"xycraft_world:xychorium_storage_light":5,"minecraft:oak_slab":2,"minecraft:crafting_table":2,"minecraft:cake":1,"minecraft:obsidian":2,"xycraft_world:xychorium_storage_dark":5,"minecraft:redstone_torch":2,"supplementaries:pedestal":1,"refinedstorage:cable":11,"ironfurnaces:netherite_furnace":1,"thermal:energy_duct":4,"minecraft:grass_block":6,"minecraft:bread":1,"minecraft:netherite_axe":1,"minecraft:barrel":1,"cobblefordays:tier_1":1,"minecraft:enchanted_book":2,"xycraft_world:xychorium_storage_red":5,"xycraft_world:xychorium_storage_blue":5,"minecraft:oak_sapling":1,"functionalstorage:oak_1":3,"pipez:energy_pipe":8,"tombstone:gift":1,"minecraft:bone_meal":11,"xycraft_world:xychorium_storage_green":5}},"DataVersion":3465}