{"stats":{"minecraft:picked_up":{"minecraft:rose_bush":1,"everlastingabilities:ability_bottle":1,"minecraft:emerald":64,"minecraft:sunflower":1},"minecraft:dropped":{"minecraft:rose_bush":1},"minecraft:custom":{"minecraft:jump":3,"minecraft:time_since_rest":2989,"minecraft:deaths":1,"minecraft:damage_dealt":58,"minecraft:sprint_one_cm":308,"minecraft:play_time":10582,"minecraft:damage_taken":28850,"minecraft:time_since_death":3481,"minecraft:walk_one_cm":48119,"minecraft:sneak_time":2,"minecraft:total_world_time":10582,"minecraft:drop":1,"minecraft:fall_one_cm":286539,"minecraft:fly_one_cm":41975},"minecraft:mined":{"minecraft:rose_bush":1,"minecraft:sunflower":1}},"DataVersion":3465}