{
  "minecraft:recipes/decorations/crafting_table": {
    "criteria": {
      "unlock_right_away": "2024-07-24 19:01:29 +0000"
    },
    "done": true
  },
  "mcwfences:recipes/jungle": {
    "criteria": {
      "has_jungle": "2024-07-24 19:01:29 +0000"
    },
    "done": true
  },
  "mekanism:root": {
    "criteria": {
      "automatic": "2024-07-24 19:01:29 +0000"
    },
    "done": true
  },
  "mcwfences:recipes/warped": {
    "criteria": {
      "has_warped": "2024-07-24 19:01:29 +0000"
    },
    "done": true
  },
  "utilitix:recipes/misc/directional_highspeed_rail": {
    "criteria": {
      "criterion0": "2024-07-24 19:08:33 +0000"
    },
    "done": true
  },
  "ae2wtlib:recipes/wireless_universal_terminal/upgrade_crafting": {
    "criteria": {
      "has_wct": "2024-07-24 19:01:29 +0000"
    },
    "done": true
  },
  "tombstone:adventure/first_grave": {
    "criteria": {
      "coded_trigger": "2024-07-24 19:07:21 +0000"
    },
    "done": true
  },
  "mcwfences:recipes/birch": {
    "criteria": {
      "has_birch": "2024-07-24 19:01:29 +0000"
    },
    "done": true
  },
  "mcwfences:recipes/stone": {
    "criteria": {
      "has_stone": "2024-07-24 19:01:29 +0000"
    },
    "done": true
  },
  "ae2wtlib:recipes/wireless_pattern_encoding_terminal": {
    "criteria": {
      "has_wt": "2024-07-24 19:01:29 +0000"
    },
    "done": true
  },
  "mcwfences:recipes/hedge": {
    "criteria": {
      "has_birch": "2024-07-24 19:01:29 +0000"
    },
    "done": true
  },
  "utilitix:recipes/misc/linked_crystal": {
    "criteria": {
      "criterion1": "2024-07-24 19:08:33 +0000"
    },
    "done": true
  },
  "ironfurnaces:coal": {
    "criteria": {
      "rainbowcoal": "2024-07-24 19:01:29 +0000"
    },
    "done": true
  },
  "mythicbotany:recipes/misc/central_rune_holder": {
    "criteria": {
      "criterion0": "2024-07-24 19:08:33 +0000"
    },
    "done": true
  },
  "mcwfences:recipes/prismarine": {
    "criteria": {
      "has_qq": "2024-07-24 19:01:29 +0000"
    },
    "done": true
  },
  "mcwfences:recipes/mangrove": {
    "criteria": {
      "has_mangrove": "2024-07-24 19:01:29 +0000"
    },
    "done": true
  },
  "utilitix:recipes/misc/experience_crystal": {
    "criteria": {
      "criterion1": "2024-07-24 19:08:33 +0000"
    },
    "done": true
  },
  "ae2wtlib:recipes/wireless_universal_terminal/upgrade_pattern_encoding": {
    "criteria": {
      "has_wpt": "2024-07-24 19:01:29 +0000"
    },
    "done": true
  },
  "croptopia:recipes/misc/roasted_sunflower_seeds": {
    "criteria": {
      "has_sunflower": "2024-07-24 19:03:22 +0000"
    },
    "done": true
  },
  "tombstone:adventure/root": {
    "criteria": {
      "auto": "2024-07-24 19:01:30 +0000"
    },
    "done": true
  },
  "alchemistry:recipes/dissolver/crafting_table": {
    "criteria": {
      "has_the_recipe": "2024-07-24 19:01:29 +0000"
    },
    "done": true
  },
  "silentgear:recipes/misc/emerald_from_shards": {
    "criteria": {
      "has_item": "2024-07-24 19:08:33 +0000"
    },
    "done": true
  },
  "forbidden_arcanus:recipes/decorations/deorum_lantern": {
    "criteria": {
      "has_torch": "2024-07-24 19:01:29 +0000"
    },
    "done": true
  },
  "supplementaries:recipes/speaker_block": {
    "criteria": {
      "has_emerald": "2024-07-24 19:08:33 +0000"
    },
    "done": true
  },
  "mcwfences:recipes/deepslate": {
    "criteria": {
      "has_deepslate": "2024-07-24 19:01:29 +0000"
    },
    "done": true
  },
  "translocators:recipes/redstone/item_translocator": {
    "criteria": {
      "has_piston": "2024-07-24 19:01:29 +0000"
    },
    "done": true
  },
  "farmersdelight:main/root": {
    "criteria": {
      "seeds": "2024-07-24 19:01:29 +0000"
    },
    "done": true
  },
  "minecraft:adventure/adventuring_time": {
    "criteria": {
      "minecraft:plains": "2024-07-24 19:01:30 +0000"
    },
    "done": false
  },
  "buildinggadgets2:recipes/misc/gadget_copy_paste": {
    "criteria": {
      "has_emerald": "2024-07-24 19:08:33 +0000"
    },
    "done": true
  },
  "mcwfences:recipes/dark_oak": {
    "criteria": {
      "has_dark_oak": "2024-07-24 19:01:29 +0000"
    },
    "done": true
  },
  "mcwfences:recipes/crimson": {
    "criteria": {
      "has_crimson": "2024-07-24 19:01:29 +0000"
    },
    "done": true
  },
  "create:root": {
    "criteria": {
      "0": "2024-07-24 19:01:29 +0000"
    },
    "done": true
  },
  "ae2wtlib:recipes/wireless_universal_terminal/upgrade_pattern_access": {
    "criteria": {
      "has_wit": "2024-07-24 19:01:29 +0000"
    },
    "done": true
  },
  "ae2wtlib:recipes/wireless_pattern_access_terminal": {
    "criteria": {
      "has_wt": "2024-07-24 19:01:29 +0000"
    },
    "done": true
  },
  "mcwbridges:recipes/bridge_torch": {
    "criteria": {
      "has_planks": "2024-07-24 19:01:29 +0000"
    },
    "done": true
  },
  "mcwfences:recipes/sandstone": {
    "criteria": {
      "has_sand": "2024-07-24 19:01:29 +0000"
    },
    "done": true
  },
  "mcwfences:recipes/acacia": {
    "criteria": {
      "has_acacia": "2024-07-24 19:01:29 +0000"
    },
    "done": true
  },
  "minecraft:recipes/building_blocks/emerald_block": {
    "criteria": {
      "has_emerald": "2024-07-24 19:08:33 +0000"
    },
    "done": true
  },
  "mcwfences:recipes/oak": {
    "criteria": {
      "has_oak": "2024-07-24 19:01:29 +0000"
    },
    "done": true
  },
  "utilitix:recipes/misc/highspeed_rail": {
    "criteria": {
      "criterion0": "2024-07-24 19:08:33 +0000"
    },
    "done": true
  },
  "translocators:recipes/misc/diamond": {
    "criteria": {
      "has_diamond_nugget": "2024-07-24 19:01:29 +0000"
    },
    "done": true
  },
  "translocators:recipes/misc/diamond_nugget": {
    "criteria": {
      "has_diamond": "2024-07-24 19:01:29 +0000"
    },
    "done": true
  },
  "alchemistry:recipes/dissolver/emerald_block": {
    "criteria": {
      "has_the_recipe": "2024-07-24 19:08:33 +0000"
    },
    "done": true
  },
  "ae2wtlib:recipes/magnet_card": {
    "criteria": {
      "has_wct": "2024-07-24 19:01:29 +0000"
    },
    "done": true
  },
  "tombstone:recipes/from_grave_key": {
    "criteria": {
      "has_ingredient": "2024-07-24 19:07:23 +0000"
    },
    "done": true
  },
  "mcwfences:recipes/quartz": {
    "criteria": {
      "has_qq": "2024-07-24 19:01:29 +0000"
    },
    "done": true
  },
  "minecraft:recipes/misc/red_dye_from_rose_bush": {
    "criteria": {
      "has_rose_bush": "2024-07-24 19:03:17 +0000"
    },
    "done": true
  },
  "mcwfences:recipes/nether": {
    "criteria": {
      "has_nether_brick": "2024-07-24 19:01:29 +0000"
    },
    "done": true
  },
  "mcwfences:recipes/bamboo": {
    "criteria": {
      "has_bamboo": "2024-07-24 19:01:29 +0000"
    },
    "done": true
  },
  "ae2wtlib:recipes/wireless_universal_terminal/ce": {
    "criteria": {
      "has_wpt": "2024-07-24 19:01:29 +0000",
      "has_wct": "2024-07-24 19:01:29 +0000"
    },
    "done": true
  },
  "ae2wtlib:recipes/wireless_universal_terminal/ca": {
    "criteria": {
      "has_wit": "2024-07-24 19:01:29 +0000",
      "has_wct": "2024-07-24 19:01:29 +0000"
    },
    "done": true
  },
  "mcwfences:recipes/spruce": {
    "criteria": {
      "has_spruce": "2024-07-24 19:01:29 +0000"
    },
    "done": true
  },
  "ae2wtlib:recipes/wireless_universal_terminal/ae": {
    "criteria": {
      "has_wit": "2024-07-24 19:01:29 +0000",
      "has_wpt": "2024-07-24 19:01:29 +0000"
    },
    "done": true
  },
  "minecraft:recipes/misc/yellow_dye_from_sunflower": {
    "criteria": {
      "has_sunflower": "2024-07-24 19:03:22 +0000"
    },
    "done": true
  },
  "occultism:recipes/crushing/crushing/emerald_dust_from_gem": {
    "criteria": {
      "has_emerald_gem": "2024-07-24 19:08:33 +0000"
    },
    "done": true
  },
  "exdeorum:core/root": {
    "criteria": {
      "in_void_world": "2024-07-24 19:01:29 +0000"
    },
    "done": true
  },
  "ae2wtlib:recipes/quantum_bridge_card": {
    "criteria": {
      "has_wit": "2024-07-24 19:01:29 +0000",
      "has_wpt": "2024-07-24 19:01:29 +0000",
      "has_wct": "2024-07-24 19:01:29 +0000"
    },
    "done": true
  },
  "mcwfences:recipes/end": {
    "criteria": {
      "has_end_brick": "2024-07-24 19:01:29 +0000"
    },
    "done": true
  },
  "translocators:recipes/redstone/fluid_translocator": {
    "criteria": {
      "has_piston": "2024-07-24 19:01:29 +0000"
    },
    "done": true
  },
  "mcwfences:recipes/mud_brick": {
    "criteria": {
      "has_qq": "2024-07-24 19:01:29 +0000"
    },
    "done": true
  },
  "supplementaries:recipes/sconce": {
    "criteria": {
      "has_torch": "2024-07-24 19:01:29 +0000"
    },
    "done": true
  },
  "lootr:root": {
    "criteria": {
      "always_true": "2024-07-24 19:01:29 +0000"
    },
    "done": true
  },
  "mcwfences:recipes/blackstone": {
    "criteria": {
      "has_blackstone": "2024-07-24 19:01:29 +0000"
    },
    "done": true
  },
  "silentgear:recipes/misc/emerald_shard": {
    "criteria": {
      "has_item": "2024-07-24 19:08:33 +0000"
    },
    "done": true
  },
  "energymeter:recipes/energymeter/meter": {
    "criteria": {
      "has_item": "2024-07-24 19:01:29 +0000"
    },
    "done": true
  },
  "occultism:occultism/root": {
    "criteria": {
      "occultism_present": "2024-07-24 19:01:29 +0000"
    },
    "done": true
  },
  "DataVersion": 3465
}